text,language,sentiment,likes,retweets
"4 days to go! ЁЯЧ│я╕П
Vidhan Sabha elections on 20 Nov 2024, 7 AM to 3 PM.
Your vote mattersтАФdonтАЩt miss it!
#post #Twitterers #4daystogo #vidhansabhaelection2024 #election @CeodelhiOffice @CEO_Maharashtra https://t.co/Ef7h0xRkyG",en,neutral,0.0,0.0
"#MissionSwaraj 
#MaharashtraElections2024",auto,neutral,0.0,0.0
"#р▓ор▓╣р▓╛р▓░р▓╛р▓╖р│Нр▓Яр│Нр▓░ р▓╡р▓┐р▓зр▓╛р▓ир▓╕р▓нр▓╛ р▓Ър│Бр▓ир▓╛р▓╡р▓гр▓╛ р▓╣р▓┐р▓ир│Нр▓ир▓▓р│Ж #р▓ир│Ар▓▓р▓Вр▓Чр▓╛ р▓Хр│Нр▓╖р│Зр▓др│Нр▓░р▓ж р▓Хр▓╛р▓Вр▓Чр│Нр▓░р│Жр▓╕р│Н р▓кр▓Хр│Нр▓╖р▓ж р▓Ер▓нр│Нр▓пр▓░р│Нр▓ер▓┐ р▓╢р│Нр▓░р│А @Abhay_Salunke3 р▓Ер▓╡р▓░ р▓кр▓░р▓╡р▓╛р▓Чр▓┐ #р▓╕р▓╡р▓░р▓┐ р▓Чр│Нр▓░р▓╛р▓ор▓жр▓▓р│Нр▓▓р▓┐ р▓кр│Нр▓░р▓Ър▓╛р▓░ р▓ир▓бр│Жр▓╕р▓┐ р▓ор▓др▓пр▓╛р▓Ър▓ир│Ж р▓ор▓╛р▓бр▓┐р▓жр│Ж.р▓И р▓╡р│Зр▓│р│Ж р▓Хр▓╛р▓Вр▓Чр│Нр▓░р│Жр▓╕р│Н р▓кр▓Хр│Нр▓╖р▓ж р▓Ер▓зр│Нр▓пр▓Хр│Нр▓╖р▓░р│Б,р▓Чр│Нр▓░р▓╛р▓ор▓ж р▓Ер▓ир│Зр▓Х р▓ор│Бр▓Цр▓Вр▓бр▓░р│Б р▓Йр▓кр▓╕р│Нр▓ер▓┐р▓др▓░р▓┐р▓жр│Нр▓жр▓░р│Б.

#Congress #Nilanga #MaharashtraElections2024 @DKShivakumar @siddaramaiah @rssurjewala @GCC_MP @Abhay_Salunke3",auto,positive,7.0,6.0
"Often in Elections, Political parties make promises which they don't fulfill.

Dhruv Rathee challenged all the 6 parties of Maharashtra and placed before them all the big problems of Maharashtra.

Aditya Thackeray has accepted this challenge that if his government comes, these problems will be eliminated.

#MissionSwaraj",en,neutral,11.0,2.0
"рдорддрджрд╛рд░ рд░рд╛рдЬрд╛ рдЬрд╛рдЧрд╛ рд╣реЛ, рд▓реЛрдХрд╢рд╛рд╣реАрдЪрд╛ рдзрд╛рдЧрд╛ рд╣реЛ!

рдмреБрдзрд╡рд╛рд░, рджрд┐рдирд╛рдВрдХ реиреж рдиреЛрд╡реНрд╣реЗрдВрдмрд░ реирежреирек рд░реЛрдЬреА рдорддрджрд╛рди рдХрд░рд╛ рдЖрдгрд┐ рдЖрдкрд▓реНрдпрд╛ рдЕрдзрд┐рдХрд╛рд░рд╛рдЪрд╛ рдпреЛрдЧреНрдп рд╡рд╛рдкрд░ рдХрд░рд╛.

рд╡реЛрдЯ рдХрд░, рдореБрдВрдмрдИрдХрд░!

#righttovote
#MaharashtraElections2024 
#Election2024 

@ECISVEEP
@CEO_Maharashtra
@CPMumbaiPolice
@MumbaiPolice
@electionmumbai",auto,positive,7.0,5.0
"#MaharashtraElections2024 | #November23WithTimesNow

The biggest faces speak only to Times Now

From the powerhouses driving the state's agenda

To the fresh voices challenging the status quo

Who will rise, and who will fall?

The most credible voices, only on #TimesNow https://t.co/AOrZYRWPcD",en,positive,0.0,0.0
"рдирд┐рд╡рдбрдгреВрдХ рд▓реЗрдХреАрдЪреА, 
рд╡рд┐рдЬрдп рдзрд╛рд░рд╛рд╡реАрдЪрд╛...! 

#DharaviKiJyoti #DharaviKiBeti 
#DharaviForJyoti #рд▓реЗрдХ_рдзрд╛рд░рд╛рд╡реАрдЪреА 
#ModaniHataoDharaviBachao
#AapkiJyoti #MaharashtraElections2024 https://t.co/2Ee3GDjozB",auto,neutral,1.0,0.0
"After many months while....
Welcome Back to Maharashtra Chief @PawanKalyan тЭдя╕ПтАНЁЯФеЁЯжБ

#NDAForMaharashtra @JanaSenaParty
#MaharashtraElections2024
https://t.co/lb27RfyegR",en,positive,2.0,3.0
"@Dineshkjoshi007 рдирд┐рд╡рдбрдгреВрдХ рд▓реЗрдХреАрдЪреА, 
рд╡рд┐рдЬрдп рдзрд╛рд░рд╛рд╡реАрдЪрд╛...! 

#DharaviKiJyoti #DharaviKiBeti 
#DharaviForJyoti #рд▓реЗрдХ_рдзрд╛рд░рд╛рд╡реАрдЪреА 
#ModaniHataoDharaviBachao
#AapkiJyoti #MaharashtraElections2024",auto,neutral,1.0,0.0
"@Rakibkh08889526 @DrJyotiEGaikwad @INCIndia @INCMaharashtra @INCMumbai @IYC_Mumbai @IYCMaha @MumbaiDharavi @DharaviUnited рдирд┐рд╡рдбрдгреВрдХ рд▓реЗрдХреАрдЪреА, 
рд╡рд┐рдЬрдп рдзрд╛рд░рд╛рд╡реАрдЪрд╛...! 

#DharaviKiJyoti #DharaviKiBeti 
#DharaviForJyoti #рд▓реЗрдХ_рдзрд╛рд░рд╛рд╡реАрдЪреА 
#ModaniHataoDharaviBachao
#AapkiJyoti #MaharashtraElections2024",auto,neutral,0.0,0.0
"#MaharashtraElections2024 | #November23WithTimesNow

#TimesNow Hits The Campaign Trail

Capturing The Mood of Maharashtra

Biggest Newsmakers on #ElectionYatra

Catch The Special Edition Of #ElectionYatra With @Swatij14 At 3:30 PM &amp; 5:30 PM. https://t.co/Fr6Guo7m8P",en,positive,1.0,0.0
"@Ashok_Kashmir рдЕрдЧрд░ рдзрд░реНрдо рдмрдЪрд╛рдирд╛ рд╣реИрдВ рддреЛ рд╕рдм рдорд┐рд▓рдХрд░ рдмрдЪрд╛рдПрдВрдЧреЗред рдРрд╕рд╛ рдирд╣реАрдВ рдЪрд▓реЗрдЧрд╛ рдХрд┐ рд╣рдо рд▓реЛрдЧ рдзрд░реНрдо рдмрдЪрд╛рдПрдВрдЧреЗ рдФрд░ рдбрд┐рдкреНрдЯреА рд╕реАрдПрдо рдХреА рдкрддреНрдиреА рдЗрдВрд╕реНрдЯреНрд░рд╛рдЧреНрд░рд╛рдо рдкрд░ Reel рдмрдирд╛рдПрдВрдЧреА : рдХрдиреНрд╣реИрдпрд╛ рдХреБрдорд╛рд░ #KanhaiyaKumar 

#MaharashtraElections2024

#MahaVikasAghadi

https://t.co/dJz5hMjM5d https://t.co/ZUINvf59m9",auto,neutral,0.0,0.0
"#MaharashtraElections
#MaharashtraElections2024
For
Harmony &amp; Peace
Equality &amp; Unity
Security &amp; Justice
Development &amp; Economy
Businesses &amp; Jobs
#WalkTheTalk
Use your #SuperPower
Vote on November 20
Vote for #Maharashtra
Vote for #MahaVikasAghadi
#VoteForMVA
#VoteforINDIAalliance",en,neutral,0.0,0.0
"#MaharashtraElections
#MaharashtraElections2024
For
Harmony &amp; Peace
Equality &amp; Unity
Security &amp; Justice
Development &amp; Economy
Businesses &amp; Jobs
#WalkTheTalk
Use your #SuperPower
Vote on November 20
Vote for #Maharashtra
Vote for #MahaVikasAghadi
#VoteForMVA
#VoteforINDIAalliance",en,neutral,0.0,0.0
"#MaharashtraElections
#MaharashtraElections2024
For
Harmony &amp; Peace
Equality &amp; Unity
Security &amp; Justice
Development &amp; Economy
Businesses &amp; Jobs
#WalkTheTalk
Use your #SuperPower
Vote on November 20
Vote for #Maharashtra
Vote for #MahaVikasAghadi
#VoteForMVA
#VoteforINDIAalliance",en,neutral,0.0,0.0
"#MaharashtraElections
#MaharashtraElections2024
For
Harmony &amp; Peace
Equality &amp; Unity
Security &amp; Justice
Development &amp; Economy
Businesses &amp; Jobs
#WalkTheTalk
Use your #SuperPower
Vote on November 20
Vote for #Maharashtra
Vote for #MahaVikasAghadi
#VoteForMVA
#VoteforINDIAalliance",en,neutral,0.0,0.0
"#MaharashtraElections
#MaharashtraElections2024
For
Harmony &amp; Peace
Equality &amp; Unity
Security &amp; Justice
Development &amp; Economy
Businesses &amp; Jobs
#WalkTheTalk
Use your #SuperPower
Vote on November 20
Vote for #Maharashtra
Vote for #MahaVikasAghadi
#VoteForMVA
#VoteforINDIAalliance",en,neutral,0.0,0.0
"#MaharashtraElections
#MaharashtraElections2024
For
Harmony &amp; Peace
Equality &amp; Unity
Security &amp; Justice
Development &amp; Economy
Businesses &amp; Jobs
#WalkTheTalk
Use your #SuperPower
Vote on November 20
Vote for #Maharashtra
Vote for #MahaVikasAghadi
#VoteForMVA
#VoteforINDIAalliance",en,neutral,0.0,0.0
"#MaharashtraElections
#MaharashtraElections2024
For
Harmony &amp; Peace
Equality &amp; Unity
Security &amp; Justice
Development &amp; Economy
Businesses &amp; Jobs
#WalkTheTalk
Use your #SuperPower
Vote on November 20
Vote for #Maharashtra
Vote for #MahaVikasAghadi
#VoteForMVA
#VoteforINDIAalliance",en,neutral,0.0,0.0
"#MaharashtraElections
#MaharashtraElections2024
For
Harmony &amp; Peace
Equality &amp; Unity
Security &amp; Justice
Development &amp; Economy
Businesses &amp; Jobs
#WalkTheTalk
Use your #SuperPower
Vote on November 20
Vote for #Maharashtra
Vote for #MahaVikasAghadi
#VoteForMVA
#VoteforINDIAalliance",en,neutral,0.0,0.0
,auto,neutral,,
"Shining India Survey Maharashtra Assembly Elections Opinion Poll 2024.

#Maharashtra: Alliance wise Seat Share projection! Total seats 288.

Maha Vikas Agadi :┬а ┬а 143┬а ┬а+11
Mahayuti┬а ┬а ┬а ┬а ┬а ┬а ┬а ┬а ┬а :┬а  ┬а130┬а +-11
MIM┬а ┬а ┬а ┬а ┬а ┬а ┬а ┬а ┬а ┬а ┬а ┬а   ┬а :┬а ┬а ┬а3┬а ┬а+-2
SP┬а ┬а ┬а ┬а ┬а ┬а ┬а ┬а ┬а ┬а ┬а ┬а ┬а ┬а   ┬а :┬а ┬а ┬а2┬а ┬а+-1
BVA┬а ┬а ┬а ┬а ┬а ┬а ┬а ┬а ┬а ┬а ┬а ┬а ┬а ┬а  :┬а ┬а ┬а2┬а ┬а +-1
Other & IND┬а ┬а ┬а ┬а ┬а ┬а ┬а:┬а ┬а ┬а8┬а +-3
( Close fight seats 46)
#MaharashtraAssemblyElection
#ShiningIndiaSurvey 
@mieknathshinde @Dev_Fadnavis @AjitPawarSpeaks @JPNadda  vs @uddhavthackeray @OfficeofUT @NANA_PATOLE @PawarSpeaks @kharge @RahulGandhi
@ShivSenaUBT_ @Shivsenaofc @INCIndia @BJP4India",en,positive,15.0,6.0
"Final Assessment: Maha Vikas Aghadi Predicted to Win Maharashtra Elections 2024

The Maharashtra Elections 2024 are poised to be a closely contested race between two powerful alliances: Maha Vikas Aghadi (MVA) and Maha Yuti (MY). Based on astrological analysis, it is anticipated that Maha Vikas Aghadi will secure 149 seats, while Maha Yuti is expected to garner 139 seats. With 145 seats required to form a government in the 288-seat Maharashtra Legislature, Maha Vikas Aghadi appears to have the edge in this election.",en,positive,207.0,35.0
"#VoteForSadanandBhat 

Let us support the Independent candidate #SADANANDBHAT, from #Bhandup West constituency, Maharashtra for Vidhan Sabha Elections 2024. 

The Election symbol is тАУ Batsman.

He is supporting our demand for men's commission. https://t.co/fYTS4MKKvR",en,positive,97.0,93.0
"Maharashtra election 2024
BjP 70 seat 
Shinde sena 30 seats
Ajit pawar 18 seats 
Congress - 75 seats 
UBT ss - 60 seats
Sharad pawar - 38 seats 
Opinion polls https://t.co/ETijvHt9JJ",en,neutral,1.0,0.0
"Maharashtra Elections 2024: ""When changed Aurangabad's name to Chhatrapati Sambhaji Nagar and (Osmanabad's name) to Dharashiv, Congress, Uddhav Thackeray and Sharad Pawar have always raised objections to it. Gadchiroli was affected by Naxals since long, but PM Modi ended Naxalism. Naxals are only left in Chhattisgarh now, but we will finish Naxalism from there as well before March 31, 2026,"" says Union Home Minister Amit Shah at an election rally in Chandrapur. - PTI #MaharashtraElection2024",en,negative,2.0,0.0
"Sharing some glimpses from the Shining India Survey For Maharashtra Assembly Elections 2024.
#MaharashtraAssemblyElections2024 https://t.co/cV1j0EA79L",en,neutral,5.0,2.0
"тЧЗVote for @NANA_PATOLE  in 2024 Maharashtra   Vidhansabha  Elections  
тЩбWe want to change India and make India a Corruption free democratic country  
тЩдSupport @INCIndia and change our country  
тЩзJAI HIND JAI BHARAT ЁЯЗоЁЯЗ│ЁЯЗоЁЯЗ│",en,positive,3.0,3.0
"Markets will remain closed on Wednesday, November 20, 2024, on account of Assembly Elections in Maharashtra. https://t.co/FjolCZ7rgr",en,negative,926.0,62.0
"Campaign in Salekasa area for INC candidate Rajkumar Puram Ji, 66 - Amgaon LAC, Maharashtra Elections 2024. @INCIndia @INCMaharashtra @RahulGandhi @kharge @kcvenugopalmp https://t.co/CM0JJohl7j",auto,neutral,5.0,0.0
"Join us for a public meet with Ashok Bhau Jadhav, our candidate for the 165 Andheri (West) Constituency!
LetтАЩs unite for change and progress in the upcoming Maharashtra Legislative Assembly Elections.

Date: 16th November 2024
Ward No. 67, Morning Session: 9:30 AM - 2:00 PM
Ward No. 65,66 , Evening Session: 4:00 PM - 10:00 PM

Mark your calendars and be a part of the movement for a better tomorrow. Voting day is 20th November 2024!""

#AndheriWestVidhansabhaa #AndheriWest #Mumbai #Congress #рдХрд╛рдБрдЧреНрд░реЗрд╕ #MVA #MahavikasAaghadi #рдорд╣рд╛рд╡рд┐рдХрд╛рд╕рдЖрдШрд╛рдбреА #AapleBhau #AshokBhau #рдЖрдкрд▓реЗрднрд╛рдК #рдЕрд╢реЛрдХрднрд╛рдК #AshokJadhav #AshokBhauJadhav",en,positive,0.0,0.0
"Deputy CM of AP &amp; JanaSenani's @PawanKalyan will Campaign for NDA at Maharashtra , Degloor &amp; latturЁЯТеЁЯдй
#pawankalyan #bjpmaharashtra
#NDAForMaharashtra 
#MaharashtraElections2024 https://t.co/U2KPcZgFvZ",auto,neutral,1.0,1.0
"#MaharashtraElections2024 | #November23WithTimesNow

#TimesNow Hits The Campaign Trail

Capturing The Mood of Maharashtra

Biggest Newsmakers on #ElectionYatra

Catch The Special Edition Of #ElectionYatra With @Swatij14 At 3:30 PM &amp; 5:30 PM. https://t.co/Y2bvh9zS9K",en,positive,2.0,0.0
"#MaharashtraNeedsDevendra 
#MaharashtraElections2024",auto,neutral,0.0,0.0
"#MaharashtraElections2024 | #November23WithTimesNow

#TimesNow Hits The Campaign Trail

Capturing The Mood of Maharashtra

Biggest Newsmakers on #ElectionYatra

Catch The Special Edition Of #ElectionYatra With @Swatij14 At 3:30 PM &amp; 5:30 PM. https://t.co/Fr6Guo7m8P",en,positive,2.0,0.0
"@Ashok_Kashmir рдЕрдЧрд░ рдзрд░реНрдо рдмрдЪрд╛рдирд╛ рд╣реИрдВ рддреЛ рд╕рдм рдорд┐рд▓рдХрд░ рдмрдЪрд╛рдПрдВрдЧреЗред рдРрд╕рд╛ рдирд╣реАрдВ рдЪрд▓реЗрдЧрд╛ рдХрд┐ рд╣рдо рд▓реЛрдЧ рдзрд░реНрдо рдмрдЪрд╛рдПрдВрдЧреЗ рдФрд░ рдбрд┐рдкреНрдЯреА рд╕реАрдПрдо рдХреА рдкрддреНрдиреА рдЗрдВрд╕реНрдЯреНрд░рд╛рдЧреНрд░рд╛рдо рдкрд░ Reel рдмрдирд╛рдПрдВрдЧреА : рдХрдиреНрд╣реИрдпрд╛ рдХреБрдорд╛рд░ #KanhaiyaKumar 

#MaharashtraElections2024

#MahaVikasAghadi

https://t.co/dJz5hMjM5d https://t.co/ZUINvf59m9",auto,neutral,0.0,0.0
"#MaharashtraElections
#MaharashtraElections2024
For
Harmony &amp; Peace
Equality &amp; Unity
Security &amp; Justice
Development &amp; Economy
Businesses &amp; Jobs
#WalkTheTalk
Use your #SuperPower
Vote on November 20
Vote for #Maharashtra
Vote for #MahaVikasAghadi
#VoteForMVA
#VoteforINDIAalliance",en,neutral,0.0,0.0
"#MaharashtraElections
#MaharashtraElections2024
For
Harmony &amp; Peace
Equality &amp; Unity
Security &amp; Justice
Development &amp; Economy
Businesses &amp; Jobs
#WalkTheTalk
Use your #SuperPower
Vote on November 20
Vote for #Maharashtra
Vote for #MahaVikasAghadi
#VoteForMVA
#VoteforINDIAalliance",en,neutral,0.0,0.0
"#MaharashtraElections
#MaharashtraElections2024
For
Harmony &amp; Peace
Equality &amp; Unity
Security &amp; Justice
Development &amp; Economy
Businesses &amp; Jobs
#WalkTheTalk
Use your #SuperPower
Vote on November 20
Vote for #Maharashtra
Vote for #MahaVikasAghadi
#VoteForMVA
#VoteforINDIAalliance",en,neutral,0.0,0.0
"#MaharashtraElections
#MaharashtraElections2024
For
Harmony &amp; Peace
Equality &amp; Unity
Security &amp; Justice
Development &amp; Economy
Businesses &amp; Jobs
#WalkTheTalk
Use your #SuperPower
Vote on November 20
Vote for #Maharashtra
Vote for #MahaVikasAghadi
#VoteForMVA
#VoteforINDIAalliance",en,neutral,0.0,0.0
,auto,neutral,,
"рдЬрдм рддрдХ рдмреЗрд░рд┐рд╕реНрдЯрд░ @asadowaisi рд╕рд╛рд╣рдм рдЬрд╝рд┐рдВрджрд╛ рд╣реИ, рддрдм рддрдХ рд╣рдорд╛рд░рд╛ рд╡реЛрдЯ рдЕрд╕рджреБрджреНрджреАрди рдУрд╡реИрд╕реА рдХреА рдкрд╛рд░реНрдЯреА рдХреЛ рд╣реА рдЬрд╛рдпреЗрдЧрд╛ рдЗрдВрд╢рд╛ рдЕрд▓реНрд▓рд╛рд╣! 
#AIMIM
#asadowaisi
#MissionMaharashtra 
#voteforkite #VoteForMajlis #MaharashtraElections2024 https://t.co/QlEl4V7RPW",auto,positive,0.0,0.0
"Join us for a public meet with Ashok Bhau Jadhav, our candidate for the 165 Andheri (West) Constituency!
LetтАЩs unite for change and progress in the upcoming Maharashtra Legislative Assembly Elections.

Date: 16th November 2024
Ward No. 67, Morning Session: 9:30 AM - 2:00 PM
Ward No. 65,66 , Evening Session: 4:00 PM - 10:00 PM

Mark your calendars and be a part of the movement for a better tomorrow. Voting day is 20th November 2024!""

#AndheriWestVidhansabhaa #AndheriWest #Mumbai #Congress #рдХрд╛рдБрдЧреНрд░реЗрд╕ #MVA #MahavikasAaghadi #рдорд╣рд╛рд╡рд┐рдХрд╛рд╕рдЖрдШрд╛рдбреА #AapleBhau #AshokBhau #рдЖрдкрд▓реЗрднрд╛рдК #рдЕрд╢реЛрдХрднрд╛рдК #AshokJadhav #AshokBhauJadhav",en,positive,0.0,0.0
"Deputy CM of AP &amp; JanaSenani's @PawanKalyan will Campaign for NDA at Maharashtra , Degloor &amp; latturЁЯТеЁЯдй
#pawankalyan #bjpmaharashtra
#NDAForMaharashtra 
#MaharashtraElections2024 https://t.co/U2KPcZgFvZ",auto,neutral,1.0,1.0
"#MaharashtraElections2024 | #November23WithTimesNow

#TimesNow Hits The Campaign Trail

Capturing The Mood of Maharashtra

Biggest Newsmakers on #ElectionYatra

Catch The Special Edition Of #ElectionYatra With @Swatij14 At 3:30 PM &amp; 5:30 PM. https://t.co/Y2bvh9zS9K",en,positive,2.0,0.0
"#MaharashtraNeedsDevendra 
#MaharashtraElections2024",auto,neutral,0.0,0.0
"#MaharashtraElections2024 | #November23WithTimesNow

#TimesNow Hits The Campaign Trail

Capturing The Mood of Maharashtra

Biggest Newsmakers on #ElectionYatra

Catch The Special Edition Of #ElectionYatra With @Swatij14 At 3:30 PM &amp; 5:30 PM. https://t.co/Fr6Guo7m8P",en,positive,2.0,0.0
"@Ashok_Kashmir рдЕрдЧрд░ рдзрд░реНрдо рдмрдЪрд╛рдирд╛ рд╣реИрдВ рддреЛ рд╕рдм рдорд┐рд▓рдХрд░ рдмрдЪрд╛рдПрдВрдЧреЗред рдРрд╕рд╛ рдирд╣реАрдВ рдЪрд▓реЗрдЧрд╛ рдХрд┐ рд╣рдо рд▓реЛрдЧ рдзрд░реНрдо рдмрдЪрд╛рдПрдВрдЧреЗ рдФрд░ рдбрд┐рдкреНрдЯреА рд╕реАрдПрдо рдХреА рдкрддреНрдиреА рдЗрдВрд╕реНрдЯреНрд░рд╛рдЧреНрд░рд╛рдо рдкрд░ Reel рдмрдирд╛рдПрдВрдЧреА : рдХрдиреНрд╣реИрдпрд╛ рдХреБрдорд╛рд░ #KanhaiyaKumar 

#MaharashtraElections2024

#MahaVikasAghadi

https://t.co/dJz5hMjM5d https://t.co/ZUINvf59m9",auto,neutral,0.0,0.0
"#MaharashtraElections
#MaharashtraElections2024
For
Harmony &amp; Peace
Equality &amp; Unity
Security &amp; Justice
Development &amp; Economy
Businesses &amp; Jobs
#WalkTheTalk
Use your #SuperPower
Vote on November 20
Vote for #Maharashtra
Vote for #MahaVikasAghadi
#VoteForMVA
#VoteforINDIAalliance",en,neutral,0.0,0.0
"#MaharashtraElections
#MaharashtraElections2024
For
Harmony &amp; Peace
Equality &amp; Unity
Security &amp; Justice
Development &amp; Economy
Businesses &amp; Jobs
#WalkTheTalk
Use your #SuperPower
Vote on November 20
Vote for #Maharashtra
Vote for #MahaVikasAghadi
#VoteForMVA
#VoteforINDIAalliance",en,neutral,0.0,0.0
,auto,neutral,,
"#р▓ор▓╣р▓╛р▓░р▓╛р▓╖р│Нр▓Яр│Нр▓░ р▓╡р▓┐р▓зр▓╛р▓ир▓╕р▓нр▓╛ р▓Ър│Бр▓ир▓╛р▓╡р▓гр▓╛ р▓╣р▓┐р▓ир│Нр▓ир▓▓р│Ж #р▓ир│Ар▓▓р▓Вр▓Чр▓╛ р▓Хр│Нр▓╖р│Зр▓др│Нр▓░р▓ж р▓Хр▓╛р▓Вр▓Чр│Нр▓░р│Жр▓╕р│Н р▓кр▓Хр│Нр▓╖р▓ж р▓Ер▓нр│Нр▓пр▓░р│Нр▓ер▓┐ р▓╢р│Нр▓░р│А @Abhay_Salunke3 р▓Ер▓╡р▓░ р▓кр▓░р▓╡р▓╛р▓Чр▓┐ #р▓╕р▓╡р▓░р▓┐ р▓Чр│Нр▓░р▓╛р▓ор▓жр▓▓р│Нр▓▓р▓┐ р▓кр│Нр▓░р▓Ър▓╛р▓░ р▓ир▓бр│Жр▓╕р▓┐ р▓ор▓др▓пр▓╛р▓Ър▓ир│Ж р▓ор▓╛р▓бр▓┐р▓жр│Ж.р▓И р▓╡р│Зр▓│р│Ж р▓Хр▓╛р▓Вр▓Чр│Нр▓░р│Жр▓╕р│Н р▓кр▓Хр│Нр▓╖р▓ж р▓Ер▓зр│Нр▓пр▓Хр│Нр▓╖р▓░р│Б,р▓Чр│Нр▓░р▓╛р▓ор▓ж р▓Ер▓ир│Зр▓Х р▓ор│Бр▓Цр▓Вр▓бр▓░р│Б р▓Йр▓кр▓╕р│Нр▓ер▓┐р▓др▓░р▓┐р▓жр│Нр▓жр▓░р│Б.

#Congress #Nilanga #MaharashtraElections2024 @DKShivakumar @siddaramaiah @rssurjewala @GCC_MP @Abhay_Salunke3",auto,positive,5.0,5.0
"Often in Elections, Political parties make promises which they don't fulfill.

Dhruv Rathee challenged all the 6 parties of Maharashtra and placed before them all the big problems of Maharashtra.

Aditya Thackeray has accepted this challenge that if his government comes, these problems will be eliminated.

#MissionSwaraj",en,neutral,7.0,1.0
"рдорддрджрд╛рд░ рд░рд╛рдЬрд╛ рдЬрд╛рдЧрд╛ рд╣реЛ, рд▓реЛрдХрд╢рд╛рд╣реАрдЪрд╛ рдзрд╛рдЧрд╛ рд╣реЛ!

рдмреБрдзрд╡рд╛рд░, рджрд┐рдирд╛рдВрдХ реиреж рдиреЛрд╡реНрд╣реЗрдВрдмрд░ реирежреирек рд░реЛрдЬреА рдорддрджрд╛рди рдХрд░рд╛ рдЖрдгрд┐ рдЖрдкрд▓реНрдпрд╛ рдЕрдзрд┐рдХрд╛рд░рд╛рдЪрд╛ рдпреЛрдЧреНрдп рд╡рд╛рдкрд░ рдХрд░рд╛.

рд╡реЛрдЯ рдХрд░, рдореБрдВрдмрдИрдХрд░!

#righttovote
#MaharashtraElections2024 
#Election2024 

@ECISVEEP
@CEO_Maharashtra
@CPMumbaiPolice
@MumbaiPolice
@electionmumbai",auto,positive,6.0,3.0
"#MaharashtraElections2024 | #November23WithTimesNow

The biggest faces speak only to Times Now

From the powerhouses driving the state's agenda

To the fresh voices challenging the status quo

Who will rise, and who will fall?

The most credible voices, only on #TimesNow https://t.co/AOrZYRWPcD",en,positive,0.0,0.0
"рдирд┐рд╡рдбрдгреВрдХ рд▓реЗрдХреАрдЪреА, 
рд╡рд┐рдЬрдп рдзрд╛рд░рд╛рд╡реАрдЪрд╛...! 

#DharaviKiJyoti #DharaviKiBeti 
#DharaviForJyoti #рд▓реЗрдХ_рдзрд╛рд░рд╛рд╡реАрдЪреА 
#ModaniHataoDharaviBachao
#AapkiJyoti #MaharashtraElections2024 https://t.co/2Ee3GDjozB",auto,neutral,1.0,0.0
"After many months while....
Welcome Back to Maharashtra Chief @PawanKalyan тЭдя╕ПтАНЁЯФеЁЯжБ

#NDAForMaharashtra @JanaSenaParty
#MaharashtraElections2024
https://t.co/lb27RfyegR",en,positive,1.0,1.0
"@Dineshkjoshi007 рдирд┐рд╡рдбрдгреВрдХ рд▓реЗрдХреАрдЪреА, 
рд╡рд┐рдЬрдп рдзрд╛рд░рд╛рд╡реАрдЪрд╛...! 

#DharaviKiJyoti #DharaviKiBeti 
#DharaviForJyoti #рд▓реЗрдХ_рдзрд╛рд░рд╛рд╡реАрдЪреА 
#ModaniHataoDharaviBachao
#AapkiJyoti #MaharashtraElections2024",auto,neutral,0.0,0.0
"@Rakibkh08889526 @DrJyotiEGaikwad @INCIndia @INCMaharashtra @INCMumbai @IYC_Mumbai @IYCMaha @MumbaiDharavi @DharaviUnited рдирд┐рд╡рдбрдгреВрдХ рд▓реЗрдХреАрдЪреА, 
рд╡рд┐рдЬрдп рдзрд╛рд░рд╛рд╡реАрдЪрд╛...! 

#DharaviKiJyoti #DharaviKiBeti 
#DharaviForJyoti #рд▓реЗрдХ_рдзрд╛рд░рд╛рд╡реАрдЪреА 
#ModaniHataoDharaviBachao
#AapkiJyoti #MaharashtraElections2024",auto,neutral,0.0,0.0
"#bjp4virar 
#MaharashtraElections2024 
#parivartan 
#bjpmahararashtra https://t.co/JhWZ4XGYtm",auto,neutral,0.0,0.0
рдпреБрд╡рд╛рд╕реЗрдирд╛рдкреНрд░рдореБрдЦ рд╢рд┐рд╡рд╕реЗрдирд╛ рдиреЗрддреЗ рдЖрдорджрд╛рд░ рдЖрджрд┐рддреНрдп рдард╛рдХрд░реЗ рд╣реНрдпрд╛рдВрдЪрд╛ рдореЗрдЯреНрд░реЛрдиреЗ рдкреНрд░рд╡рд╛рд╕! https://t.co/iRzaN7q4OA,auto,neutral,51.0,12.0
"рдорд╣рд╛рд░рд╛рд╖реНрдЯреНрд░ рд╡рд╛рдЪрд╡рдгреНрдпрд╛рд╕рд╛рдареАрдЪ рддрд░ рдкрдХреНрд╖рдкреНрд░рдореБрдЦ рдорд╛. рд╢реНрд░реА. рдЙрджреНрдзрд╡рд╕рд╛рд╣реЗрдм рдард╛рдХрд░реЗ рд▓рдврдд рдЖрд╣реЗрдд. рдорд╣рд╛рд░рд╛рд╖реНрдЯреНрд░рд╛рдЪреНрдпрд╛ рдЙрдЬреНрд╡рд▓ рднрд╡рд┐рд╖реНрдпрд╛рд╕рд╛рдареАрдЪ рддрд░ рдорд╣рд╛рд╡рд┐рдХрд╛рд╕ рдЖрдШрд╛рдбреАрдЪреА рд╕реНрдерд╛рдкрдирд╛ рдЭрд╛рд▓реЗрд▓реА рдЖрд╣реЗ. рдпреБрдЯреНрдпреВрдмрд░ рдзреНрд░реБрд╡ рд░рд╛рдареА рд╣реНрдпрд╛рдВрдиреА рджрд┐рд▓реЗрд▓рдВ рдЪреЕрд▓реЗрдВрдЬ рд╣реЗ рд░рд╛рдЬреНрдпрд╛рддреАрд▓ рдЬрдирддреЗрдЪреНрдпрд╛ рдЖрдгрд┐ рд╕рд░реНрд╡рд╕рд╛рдорд╛рдиреНрдпрд╛рдВрдЪреНрдпрд╛ рд╣рд┐рддрд╛рдЪрдВрдЪ рдЖрд╣реЗ рдЖрдгрд┐ рдореНрд╣рдгреВрдирдЪ рдзреНрд░реБрд╡ рд░рд╛рдареА рд╣реНрдпрд╛рдВрдиреА рджрд┐рд▓реЗрд▓рдВ рдЖрд╡реНрд╣рд╛рди рд╕реНрд╡рд┐рдХрд╛рд░рд▓реЗрд▓рдВ рдЖрд╣реЗ.
Credit: @dhruv_rathee 

@AUThackeray",auto,positive,207.0,55.0
"RT @dhruv_rathee: Aditya Thackeray has accepted our challenge! Write down your suggestions in the comments below 

#MissionSwaraj https://tтАж",en,negative,20286.0,3666.0
"рдорд╣рд╛рд░рд╛рд╖реНрдЯреНрд░рд╛рдЪреНрдпрд╛ рд╕реНрд╡рд╛рднрд┐рдорд╛рдирд╛рдЪрд╛, рдирд┐рд░реНрдгрдп рдХреБрдЯреБрдВрдмрдкреНрд░рдореБрдЦрд╛рдВрдЪрд╛!

рел рдорд╛рд░реНрдЪ реирежреиреж 
тАШрдФрд░рдВрдЧрд╛рдмрд╛рдж рд╡рд┐рдорд╛рдирддрд│рд╛тАЩрд▓рд╛ рдЫрддреНрд░рдкрддреА рд╕рдВрднрд╛рдЬреА рдорд╣рд╛рд░рд╛рдЬ рд╡рд┐рдорд╛рдирддрд│ рдирд╛рд╡ рджреЗрдгреНрдпрд╛рдЪрд╛ рдирд┐рд░реНрдгрдп. https://t.co/4UIgszIYi4",auto,neutral,56.0,14.0
рдордирд╕реЗрдЪреЗ рдкреНрд░рджреЗрд╢ рд╕рд░рдЪрд┐рдЯрдгреАрд╕ рдЖрдгрд┐ рдорд╛рдЬреА рдорд╣рд╛рдкреМрд░ рдЕрд╢реЛрдХ рджреЗрд╡рд░рд╛рдо рдореБрд░реНрддрдбрдХ рд╣реНрдпрд╛рдВрдиреА рддреНрдпрд╛рдВрдЪреНрдпрд╛ рд╢реЗрдХрдбреЛ рд╕рд╣рдХрд╛рд▒реНрдпрд╛рдВрд╕рд╣ рдЖрдЬ рдирд╛рд╢рд┐рдХ рдпреЗрдереЗ рдкрдХреНрд╖рдкреНрд░рдореБрдЦ рдорд╛. рд╢реНрд░реА. рдЙрджреНрдзрд╡рд╕рд╛рд╣реЗрдм рдард╛рдХрд░реЗ рд╣реНрдпрд╛рдВрдЪреНрдпрд╛ рдЙрдкрд╕реНрдерд┐рддреАрдд рд╢рд┐рд╡рд╕реЗрдирд╛ (рдЙрджреНрдзрд╡ рдмрд╛рд│рд╛рд╕рд╛рд╣реЗрдм рдард╛рдХрд░реЗ) рдкрдХреНрд╖рд╛рдд рдкреНрд░рд╡реЗрд╢ рдХреЗрд▓рд╛. https://t.co/B34dUKokC9,auto,positive,398.0,70.0
"рдорд╣рд╛рд░рд╛рд╖реНрдЯреНрд░ рд╕реНрд╡рд╛рднрд┐рдорд╛рди рд╕рднрд╛!
рд╕реНрд╡рд░рд╛рдЬреНрдпрд╛рдЪрд╛ рд╕реНрд╡рд╛рднрд┐рдорд╛рди рдЬрдкреВрдпрд╛, рдорд╣рд╛рд░рд╛рд╖реНрдЯреНрд░рдзрд░реНрдо рд╡рд╛рдврд╡реВрдпрд╛!

рд╕реНрдерд│: рднрд╛рдВрдбреБрдк https://t.co/onixCmJwzc",auto,neutral,112.0,25.0
"рдорд╣рд╛рд░рд╛рд╖реНрдЯреНрд░ рд╕реНрд╡рд╛рднрд┐рдорд╛рди рд╕рднрд╛!
рд╕реНрд╡рд░рд╛рдЬреНрдпрд╛рдЪрд╛ рд╕реНрд╡рд╛рднрд┐рдорд╛рди рдЬрдкреВрдпрд╛, рдорд╣рд╛рд░рд╛рд╖реНрдЯреНрд░рдзрд░реНрдо рд╡рд╛рдврд╡реВрдпрд╛!

рд╕реНрдерд│: рдард╛рдгреЗ https://t.co/mZi0SMZYe7",auto,neutral,145.0,33.0
"рдорд╣рд╛рд░рд╛рд╖реНрдЯреНрд░ рд╕реНрд╡рд╛рднрд┐рдорд╛рди рд╕рднрд╛!
рд╕реНрд╡рд░рд╛рдЬреНрдпрд╛рдЪрд╛ рд╕реНрд╡рд╛рднрд┐рдорд╛рди рдЬрдкреВрдпрд╛, рдорд╣рд╛рд░рд╛рд╖реНрдЯреНрд░рдзрд░реНрдо рд╡рд╛рдврд╡реВрдпрд╛!

рд╕реНрдерд│: рдХрд▓реНрдпрд╛рдг https://t.co/NEFS9Co18i",auto,neutral,133.0,34.0
RT @AUThackeray: резреорез- рдорд╛рд╣рд┐рдо рд╡рд┐рдзрд╛рдирд╕рднрд╛ рдорддрджрд╛рд░рд╕рдВрдШ рдорд╣рд╛рд╡рд┐рдХрд╛рд╕ рдЖрдШрд╛рдбреАрдЪреЗ рдЕрдзрд┐рдХреГрдд рдЙрдореЗрджрд╡рд╛рд░ рдорд╣реЗрд╢ рд╕рд╛рд╡рдВрдд рд╣реНрдпрд╛рдВрдЪреНрдпрд╛ рдкреНрд░рдЪрд╛рд░рд╛рд░реНрде рджрд╛рджрд░рдордзреАрд▓ рдЦрд╛рдВрдбрдХреЗ рдмрд┐рд▓реНрдбрд┐рдВрдЧ рдпреЗрдереЗтАж,auto,neutral,1083.0,154.0
"рдорд╣рд╛рд░рд╛рд╖реНрдЯреНрд░ рд╕реНрд╡рд╛рднрд┐рдорд╛рди рд╕рднрд╛!
рд╕реНрд╡рд░рд╛рдЬреНрдпрд╛рдЪрд╛ рд╕реНрд╡рд╛рднрд┐рдорд╛рди рдЬрдкреВрдпрд╛, рдорд╣рд╛рд░рд╛рд╖реНрдЯреНрд░рдзрд░реНрдо рд╡рд╛рдврд╡реВрдпрд╛!

рд╕реНрдерд│: рдбреЛрдВрдмрд┐рд╡рд▓реА https://t.co/WHoBe9jf7P",auto,neutral,94.0,25.0
"рдХреЗрдиреНрджреНрд░реАрдп рдЧреГрд╣ рдПрд╡рдВ рд╕рд╣рдХрд╛рд░рд┐рддрд╛ рдордВрддреНрд░реА рд╢реНрд░реА @AmitShah рдХреА 16 рдирд╡рдВрдмрд░, 2024 рдХреЛ рдЭрд╛рд░рдЦрдВрдб рдореЗрдВ рдЬрдирд╕рднрд╛рдПрдВред 

рд▓рд╛рдЗрд╡ рджреЗрдЦреЗрдВ : 
ЁЯУ║https://t.co/OaPd6HRrq3 
ЁЯУ║https://t.co/vpP0MIos7C
ЁЯУ║https://t.co/lcXkSnOnsV
ЁЯУ║https://t.co/4XQ2GzrhRl https://t.co/8EI72ci7Vn",auto,positive,77.0,17.0
"рдЖрдиреЗ рд╡рд╛рд▓рд╛ рдЪреБрдирд╛рд╡ рдпреЗ рддрдп рдХрд░рдиреЗ рд╡рд╛рд▓рд╛ рд╣реИ рдХрд┐ рдорд╣рд╛рд░рд╛рд╖реНрдЯреНрд░ рдЫрддреНрд░рдкрддрд┐ рд╢рд┐рд╡рд╛рдЬреА рдорд╣рд╛рд░рд╛рдЬ рдФрд░ рд╡реАрд░ рд╕рд╛рд╡рд░рдХрд░ рдХреЗ рд░рд╛рд╕реНрддреЗ рдкрд░ рдЪрд▓реЗрдЧрд╛ рдпрд╛ рдФрд░рдВрдЧрдЬреЗрдм рдХреЗ рд░рд╛рд╕реНрддреЗ рдкрд░ рдЪрд▓реЗрдЧрд╛ред

рд╣рдорд╛рд░реА рдорд╣рд╛рдпреБрддрд┐ рдиреЗ рдмрд┐рдирд╛ рдХрд┐рд╕реА рдХрдВрдлреНрдпреВрдЬрди рдХреЗ рдЫрддреНрд░рдкрддрд┐ рд╢рд┐рд╡рд╛рдЬреА рдорд╣рд╛рд░рд╛рдЬ рдФрд░ рд╡реАрд░ рд╕рд╛рд╡рд░рдХрд░ рдХрд╛ рд░рд╛рд╕реНрддрд╛ рдЪреБрдирд╛ рд╣реИ рдФрд░ рдпреЗ рдЕрдШрд╛рдбрд╝реА рд╡рд╛рд▓реЗ рдФрд░рдВрдЧрдЬреЗрдм рдлреИрди рдХреНрд▓рдм рд╡рд╛рд▓реЗ рд╣реИрдВред

- рд╢реНрд░реА @AmitShah  

рдкреВрд░рд╛ рд╡реАрдбрд┐рдпреЛ рджреЗрдЦреЗрдВ : https://t.co/J1KwDFAvns",auto,positive,157.0,61.0
"рдЕрдШрд╛рдбрд╝реА рдЭреВрдареЗ рд▓реЛрдЧреЛрдВ рдХреА рдлреМрдЬ рд╣реИред

рд░рд╛рд╣реБрд▓ рдмрд╛рдмрд╛, рдЕрдЧрд░ рдЖрдк рд╕рдЪ рдмреЛрд▓рддреЗ рд╣реЛ рддреЛ рд╡реАрд░ рд╕рд╛рд╡рд░рдХрд░ рдЬреА рдХреЗ рд▓рд┐рдП 2 рдЕрдЪреНрдЫреЗ рд╡рд╛рдХреНрдп рдмреЛрд▓рдХрд░ рджрд┐рдЦрд╛рдУред

рдЕрдкрдиреЗ рд╕рд╛рдереА рдЙрджреНрдзрд╡ рдард╛рдХрд░реЗ рдЬреА рдХреЗ рдкрд┐рддрд╛рдЬреА рдорд╣рд╛рди рдмрд╛рд▓рд╛ рд╕рд╛рд╣рдм рдард╛рдХрд░реЗ рдЬреА рдХрд╛ 2 рдорд┐рдирдЯ рдХреЗ рд▓рд┐рдП рдмрдЦрд╛рди рдХрд░ рджреАрдЬрд┐рдПред

рдЙрджреНрдзрд╡ рдЬреА, рдЕрдЧрд░ рд╣рд┐рдореНрдордд рд╣реИ рддреЛ рд╡реАрд░ рд╕рд╛рд╡рд░рдХрд░ рдФрд░ рдорд╣рд╛рди рдмрд╛рд▓рд╛ рд╕рд╛рд╣рдм рдард╛рдХрд░реЗ рдЬреА рдХреЗ рд▓рд┐рдП рд░рд╛рд╣реБрд▓ рдмрд╛рдмрд╛ рд╕реЗ 2 рдЕрдЪреНрдЫреЗ рд╢рдмреНрдж рдмреБрд▓рд╡рд╛ рдХрд░ рджрд┐рдЦрд╛ рджреАрдЬрд┐рдПред

- рд╢реНрд░реА @AmitShah  

рдкреВрд░рд╛ рд╡реАрдбрд┐рдпреЛ рджреЗрдЦреЗрдВ : https://t.co/J1KwDFAvns",auto,positive,149.0,58.0
"рдЬрдм рд╣рдорд╛рд░реЗ рдЬрдирдЬрд╛рддреАрдп рднрд╛рдИ-рдмрд╣рди рд╡рд┐рдХрд╕рд┐рдд рд╣реЛрдВрдЧреЗ, рддрднреА рд╣рдорд╛рд░рд╛ рджреЗрд╢ рднреА рд╕рд╣реА рдЕрд░реНрде рдореЗрдВ рд╡рд┐рдХрд╕рд┐рдд рд╣реЛрдЧрд╛ред

рдЬрдирдЬрд╛рддреАрдп рд╕рдорд╛рдЬ рдХреЗ рд▓реЛрдЧреЛрдВ рдХреА рддреЗрдЬ рдЧрддрд┐ рд╕реЗ рдкреНрд░рдЧрддрд┐ рд╣реЛ, рдпрд╣реА рд╣рдорд╛рд░реА рд░рд╛рд╖реНрдЯреНрд░реАрдп рдкреНрд░рд╛рдердорд┐рдХрддрд╛ рд╣реИред

- рд░рд╛рд╖реНрдЯреНрд░рдкрддрд┐ рд╢реНрд░реАрдорддреА рджреНрд░реМрдкрджреА рдореБрд░реНрдореВ https://t.co/1ZTPsQF4uC",auto,positive,203.0,79.0
"рд╡рд░реНрддрдорд╛рди рд╕рд░рдХрд╛рд░ (рдореЛрджреА рд╕рд░рдХрд╛рд░) рдиреЗ рдЬрдирдЬрд╛рддреАрдп рд╕рдореБрджрд╛рдп рдХреЗ рд╡рд┐рдХрд╛рд╕ рдФрд░ рдХрд▓реНрдпрд╛рдг рдХреА рдпрд╛рддреНрд░рд╛ рдХреЛ рддреЗрдЬ рдЧрддрд┐ рд╕реЗ рдЖрдЧреЗ рдмрдврд╝рд╛рдпрд╛ рд╣реИред

рд░рд╛рд╖реНрдЯреНрд░реАрдп рдХрд╛рд░реНрдпрдХреНрд░рдореЛрдВ рдореЗрдВ рдЬрдирдЬрд╛рддреАрдп рд╕рдорд╛рдЬ рддрдХ рд╕рднреА рд╕реБрд╡рд┐рдзрд╛рдПрдВ рдкрд╣реБрдВрдЪрд╛рдиреЗ рдХреЗ рд╡рд┐рд╢реЗрд╖ рдЙрдкрд╛рдп рдХрд┐рдП рдЧрдП рд╣реИрдВред

рдЗрд╕рдХреЗ рдЕрд▓рд╛рд╡рд╛ рдЬрдирдЬрд╛рддреАрдп рд╕рдореБрджрд╛рдп рдХреЗ рд▓рд┐рдП рдЕрд▓рдЧ рд╕реЗ рд╡рд┐рд╢реЗрд╖ рдпреЛрдЬрдирд╛рдПрдВ рднреА рдЪрд▓рд╛рдИ рдЬрд╛ рд░рд╣реА рд╣реИрдВред

- рд░рд╛рд╖реНрдЯреНрд░рдкрддрд┐ рд╢реНрд░реАрдорддреА рджреНрд░реМрдкрджреА рдореБрд░реНрдореВ",auto,positive,175.0,58.0
"Rahul Baba used to say that his govt would credit money in the accounts of the people instantly. 

You were unable to fulfill your promises in Himachal, Karnataka, and Telangana, and hence, Kharge Ji had to caution Congress against making untenable promises. However, Modi ji's promises are sacrosanct.

We have promised that sisters will get Rs 2100 under Ladki Bahin Yojana. They will get two gas cylinders free of cost... 

- Shri @AmitShah",en,negative,108.0,32.0
рдЧреГрд╣ рдордВрддреНрд░реА рд╢реНрд░реА @AmitShah рдорд╣рд╛рд░рд╛рд╖реНрдЯреНрд░ рдХреЗ рдЪрдВрджреНрд░рдкреБрд░ рд╡рд┐рдзрд╛рдирд╕рднрд╛ рдХреНрд╖реЗрддреНрд░ рдореЗрдВ рдЬрдирд╕рднрд╛ рдХреЛ рд╕рдВрдмреЛрдзрд┐рдд рдХрд░рддреЗ рд╣реБрдПред  https://t.co/3tyGucZZbs,auto,neutral,590.0,130.0
"рдореЛрджреА рдЬреА рдиреЗ рджреЗрд╢ рдХреЛ рдЖрддрдВрдХрд╡рд╛рдж рдФрд░ рдирдХреНрд╕рд▓рд╡рд╛рдж рд╕реЗ рдореБрдХреНрдд рдХрд░рд╛рдиреЗ рдХрд╛ рдХрд╛рдо рдХрд┐рдпрд╛ред рджреЗрд╢ рдХреЛ рд╕рдореГрджреНрдз рдХрд░рдиреЗ рдФрд░ рджреБрдирд┐рдпрд╛ рдореЗрдВ рд╕рдореНрдорд╛рди рдмрдврд╝рд╛рдиреЗ рдХрд╛ рдХрд╛рдо рдХрд┐рдпрд╛ рд╣реИред 

рдореЛрджреА рдЬреА рдиреЗ рдорд╣рд╛рд░рд╛рд╖реНрдЯреНрд░ рдХреЗ рд╡рд┐рдХрд╛рд╕ рдХреЗ рд▓рд┐рдП 15 рд▓рд╛рдЦ 10 рд╣рдЬрд╛рд░ рдХрд░реЛрдбрд╝ рд░реБрдкрдпрд╛ рднреЗрдЬрд╛ рд╣реИред рдЗрд╕рдХреЗ рд╕рд╛рде рд╣реА рдвреЗрд░ рд╕рд╛рд░реЗ рдкреНрд░реЛрдЬреЗрдХреНрдЯреНрд╕ рднреА рдорд╣рд╛рд░рд╛рд╖реНрдЯреНрд░ рдореЗрдВ рд╢реБрд░реВ рдХрд┐рдП рдЧрдПред 

рдЖрдк рдпрд╣рд╛рдВ рдорд╣рд╛рдпреБрддрд┐ рдХреА рд╕рд░рдХрд╛рд░ рдмрдирд╛ рджреЛ, рдорд╣рд╛рд░рд╛рд╖реНрдЯреНрд░ рдХрд╛ рдЧреМрд░рд╡ рдЬреЛ рдЕрдШрд╛рдбрд╝реА рдХреА рд╕рд░рдХрд╛рд░ рдХреЗ рджреМрд░рд╛рди рдЪрд▓рд╛ рдЧрдпрд╛ рдерд╛, рдорд╣рд╛рдпреБрддрд┐ рд╕рд░рдХрд╛рд░ рдЗрд╕рдХреЛ рдлрд┐рд░ рд╕реЗ рдкреНрд░рд╕реНрдерд╛рдкрд┐рдд рдХрд░реЗрдЧреАред 

- рд╢реНрд░реА @AmitShah",auto,positive,29.0,10.0
"BJP National President Shri @JPNadda addresses intellectuals meet in Thane, Maharashtra. https://t.co/aeuo3JJEp0",en,neutral,886.0,205.0
"@JPNadda рдХрд╛рдВрдЧреНрд░реЗрд╕ рдФрд░ рдЕрдШрд╛рдбрд╝реА рд╡рд╛рд▓реЗ OBC/SC/ST рдХреЗ рд╣рдХреЛрдВ рдХреЛ рдорд╛рд░рдХрд░ рдЙрдиреНрд╣реЗрдВ рдорд╛рдЗрдиреЙрд░рд┐рдЯреА рдХреЗ рдирд╛рдо рдкрд░ рдореБрд╕рд▓рдорд╛рдиреЛрдВ рдХреЛ рджреЗрдирд╛ рдЪрд╛рд╣рддреЗ рд╣реИрдВред

рд╣рдо рд╕рдмрдХрд╛ рд╕рд╛рде-рд╕рдмрдХрд╛ рд╡рд┐рдХрд╛рд╕-рд╕рдмрдХрд╛ рд╡рд┐рд╢реНрд╡рд╛рд╕-рд╕рдмрдХрд╛ рдкреНрд░рдпрд╛рд╕ рдХреА рдмрд╛рдд рдХрд░рддреЗ рд╣реИрдВ рдФрд░ рдпреЗ рд▓реЛрдЧ (рдЕрдШрд╛рдбрд╝реА рд╡рд╛рд▓реЗ) рд╕рдорд╛рдЬ рдХреЛ рдмрд╛рдВрдЯрдиреЗ рдХрд╛ рдХрд╛рдо рдХрд░ рд░рд╣реЗ рд╣реИрдВред

- рд╢реНрд░реА @JPNadda",auto,neutral,40.0,15.0
"рдореЗрд░реЗ рд▓рд┐рдП рдЕрд╕рдо рд╕рд╣рд┐рдд рдкреВрд░рд╛ Northeast рднрд╛рд░рдд рдХреА рдЕрд╖реНрдЯрд▓рдХреНрд╖реНрдореА рд╣реИред

рдЕрдм рд╡рд┐рдХрд╛рд╕ рдХрд╛ рд╕реВрд░рдЬ рдкреВрд░реНрд╡реА рднрд╛рд░рдд рд╕реЗ рдЙрдЧреЗрдЧрд╛, рдЬреЛ рд╡рд┐рдХрд╕рд┐рдд рднрд╛рд░рдд рдХреЗ рд╕рдВрдХрд▓реНрдк рдХреЛ рдирдИ рдКрд░реНрдЬрд╛ рджреЗрдЧрд╛ред

рдЗрд╕рд▓рд┐рдП рд╣рдо рдкреВрд░реНрд╡реЛрддреНрддрд░ рдореЗрдВ рд╕реНрдерд╛рдпреА рд╢рд╛рдВрддрд┐ рдХреЗ рд▓рд┐рдП рдирд┐рд░рдВрддрд░ рдкреНрд░рдпрд╛рд╕ рдХрд░ рд░рд╣реЗ рд╣реИрдВред

рд╣рдо рдкреВрд░реНрд╡реЛрддреНрддрд░ рдХреЗ рд░рд╛рдЬреНрдпреЛрдВ рдХреЗ рд╕реАрдорд╛ рд╡рд┐рд╡рд╛рджреЛрдВ рдХрд╛ рд╕реМрд╣рд╛рд░реНрдж рдХреЗ рд╕рд╛рде рд╕рдорд╛рдзрд╛рди рдЦреЛрдЬ рд░рд╣реЗ рд╣реИрдВред

- рдкреАрдПрдо рд╢реНрд░реА @narendramodi  

рдкреВрд░рд╛ рд╡реАрдбрд┐рдпреЛ рджреЗрдЦреЗрдВ : https://t.co/WPrtXWbhDR",auto,positive,53.0,16.0
"рдпреЗ рд╕рддреНрддрд╛ рдХреЗ рд▓рд┐рдП рдХреБрдЫ рднреА рдХрд░ рд╕рдХрддреЗ рд╣реИрдВ, рдЗрдирдХреЛ рдЖрд░рд╛рдо рджреЗрдирд╛ рдмрд╣реБрдд рдЬрд░реВрд░реА рд╣реИред

рдЗрд╕рд▓рд┐рдП рдЖрдЬ рднрд╛рдЬрдкрд╛ рдФрд░ рдорд╣рд╛рдпреБрддреА рдХреЛ рдЖрдЧреЗ рдмрдврд╛рдиреЗ рдХреА рдЬрд░реВрд░рдд рд╣реИред

- рд╢реНрд░реА @JPNadda",auto,positive,64.0,15.0
"рдмрд╛рд▓рд╛ рд╕рд╛рд╣рдм рдард╛рдХрд░реЗ рдХрд╣рддреЗ рдереЗ рдХрд┐ рдореИрдВ рдЕрдкрдиреА рдкрд╛рд░реНрдЯреА рдЦрддреНрдо рдХрд░ рджреВрдВрдЧрд╛, рд▓реЗрдХрд┐рди рдХрд╛рдВрдЧреНрд░реЗрд╕ рд╕реЗ рд╕рдордЭреМрддрд╛ рдирд╣реАрдВ рдХрд░реВрдВрдЧрд╛ред

рд▓реЗрдХрд┐рди рдЙрджреНрдзрд╡ рдард╛рдХрд░реЗ рдЖрдЬ рдЙрдиреНрд╣реАрдВ (рдХрд╛рдВрдЧреНрд░реЗрд╕) рдХреА рдЧреЛрдж рдореЗрдВ рдЬрд╛рдХрд░ рдмреИрда рдЧрдП рд╣реИрдВред

- рд╢реНрд░реА @JPNadda",auto,neutral,73.0,20.0
"рдкреАрдПрдо рдХрд┐рд╕рд╛рди рд╕рдореНрдорд╛рди рдирд┐рдзрд┐ рдХреЗ рдЕрдВрддрд░реНрдЧрдд 11.78 рдХрд░реЛрдбрд╝ рдХрд┐рд╕рд╛рдиреЛрдВ рдХреЛ рд╣рд░ рд╕рд╛рд▓ 6 рд╣рдЬрд╛рд░ рд░реБрдкрдпреЗ рд╕реАрдзреЗ рдмреИрдВрдХ рдЦрд╛рддреЛрдВ рдореЗрдВ рднреЗрдЬреЗ рдЬрд╛ рд░рд╣реЗ рд╣реИрдВред

рдпрд╣рд╛рдВ рдорд╣рд╛рд░рд╛рд╖реНрдЯреНрд░ рдореЗрдВ рдорд╣рд╛рдпреБрддрд┐ рд╕рд░рдХрд╛рд░ рджреНрд╡рд╛рд░рд╛ 6 рд╣рдЬрд╛рд░ рд░реБрдкрдпреЗ рдЕрддрд┐рд░рд┐рдХреНрдд рджрд┐рдП рдЬрд╛ рд░рд╣реЗ рд╣реИрдВред

рдФрд░ рдЕрдм рд╣рдордиреЗ рддрдп рдХрд┐рдпрд╛ рд╣реИ рдХрд┐ рдлрд┐рд░ рд╕реЗ рдорд╣рд╛рдпреБрддрд┐ рдХреА рд╕рд░рдХрд╛рд░ рдмрдирдиреЗ рдкрд░ рдЗрд╕ 12 рд╣рдЬрд╛рд░ рдХреА рд░рд╛рд╢рд┐ рдХреЛ рдмрдврд╝рд╛рдХрд░ 15 рд╣рдЬрд╛рд░ рд░реБрдкрдпреЗ рдХрд░ рджрд┐рдпрд╛ рдЬрд╛рдПрдЧрд╛ред

- рд╢реНрд░реА @JPNadda",auto,positive,68.0,13.0
"рдЖрдпреБрд╖реНрдорд╛рди рднрд╛рд░рдд рдпреЛрдЬрдирд╛ рдХреЗ рдЕрдВрддрд░реНрдЧрдд 12.56 рдХрд░реЛрдбрд╝ рдкрд░рд┐рд╡рд╛рд░реЛрдВ (55 рдХрд░реЛрдбрд╝ рд▓реЛрдЧ) рдХреЛ рдЧрдВрднреАрд░ рдмреАрдорд╛рд░реА рд╕реЗ рд▓рдбрд╝рдиреЗ рдХреЗ рд▓рд┐рдП 5 рд▓рд╛рдЦ рд░реБрдкрдпреЗ рд╕рд╛рд▓рд╛рдирд╛ рдореБрдлреНрдд рдЗрд▓рд╛рдЬ рдХреА рд╕реБрд╡рд┐рдзрд╛ рдореЛрджреА рдЬреА рджреНрд╡рд╛рд░рд╛ рджреА рдЧрдИ рд╣реИред

рдЕрдм 70 рд╕рд╛рд▓ рдХреА рдЖрдпреБ рд╕реЗ рдКрдкрд░ рдХреЗ рд╣рд░ рд╡реНрдпрдХреНрддрд┐ рдХреЛ рдкреВрд░реА рдЬрд┐рдВрджрдЧреА рдЗрд╕ рдпреЛрдЬрдирд╛ рдХрд╛ рд▓рд╛рдн рдорд┐рд▓реЗрдЧрд╛ред

- рд╢реНрд░реА @JPNadda",auto,positive,58.0,15.0
"Under Vaccine Maitri, around 100 countries were provided 30 crore vaccines. We provided free vaccines to 48 countries. 

Today, under the leadership, Bharat is no more a 'taker', it has become a 'giver'.

- Shri @JPNadda",en,positive,82.0,14.0
"рдЗрдВрдлреНрд░рд╛рд╕реНрдЯреНрд░рдХреНрдЪрд░ рдХреЗ рдХреНрд╖реЗрддреНрд░ рдореЗрдВ рднрд╛рд░рдд рдореЗрдВ HIRA (Highways, Internet, Railways & Airways) рдкрд░ рдкрд┐рдЫрд▓реЗ 10 рд╕рд╛рд▓реЛрдВ рдореЗрдВ 12 рд▓рд╛рдЦ рдХрд░реЛрдбрд╝ рд░реБрдкрдпреЗ рдЦрд░реНрдЪ рд╣реБрдП рд╣реИрдВ рдФрд░ рдЖрдЧреЗ 10 рд▓рд╛рдЦ рдХрд░реЛрдбрд╝ рд░реБрдкрдпреЗ рдЦрд░реНрдЪ рдХрд┐рдП рдЬрд╛рдПрдВрдЧреЗред

рджреЗрд╢ рдореЗрдВ 1.46 рд▓рд╛рдЦ рдХрд┐рдореА рд▓рдВрдмреЗ рдиреЗрд╢рдирд▓ рд╣рд╛рдЗрд╡реЗ рдмрдиреЗ рд╣реИрдВ, рдЬрд┐рдирдореЗрдВ рд╕реЗ рдорд╣рд╛рд░рд╛рд╖реНрдЯреНрд░ рдореЗрдВ 13 рд╣рдЬрд╛рд░ рдХрд┐рдореА рд▓рдВрдмреЗ рд╣рд╛рдЗрд╡реЗ рдмрдиреЗ рд╣реИрдВред

- рд╢реНрд░реА @JPNadda",auto,negative,81.0,16.0
"Fundamental changes have been made in the National Education Policy and Health Policy. Today, education is being imparted in regional languages. Today, the NEET exam can be taken in 13 languages. Children from villages now have the opportunity to become doctors.

- Shri @JPNadda https://t.co/BlpIkblu2r",en,neutral,66.0,15.0
"India is today the 5th largest economy, surpassing Britain which ruled over us for over two centuries. 

In the third term of Modi ji, we will become the third-largest economy in the world. 

The Economist states that reformed the banking sector and stabilized it.

- Shri @JPNadda",en,neutral,85.0,21.0
"рдЬрдм 26/11 рдХреА рдШрдЯрдирд╛ рд╣реБрдИ, рддреЛ рдЙрд╕ рд╕рдордп рдХреА рд╕рд░рдХрд╛рд░ рдиреЗ рдкрд╛рдХрд┐рд╕реНрддрд╛рди рдХреЛ рдбреЛрдЬрд┐рдпрд░ рднреЗрдЬрд╛ рдерд╛ред

рд▓реЗрдХрд┐рди рдореЛрджреА рдЬреА рдХреЗ рдиреЗрддреГрддреНрд╡ рдореЗрдВ рдЬрдм рд╕рд░рдХрд╛рд░ рдмрдиреА рдФрд░ рдЙрд░реА рдХреА рдШрдЯрдирд╛ рдШрдЯреА, рддреЛ рд╕рд░реНрдЬрд┐рдХрд▓ рд╕реНрдЯреНрд░рд╛рдЗрдХ рд╣реБрдЖ рдФрд░ рдкрд╛рдХрд┐рд╕реНрддрд╛рди рдХреБрдЫ рдирд╣реАрдВ рдХрд░ рд╕рдХрд╛ред

рдЗрд╕реА рддрд░рд╣ рдкреБрд▓рд╡рд╛рдорд╛ рдХреА рдШрдЯрдирд╛ рдХреЗ рдмрд╛рдж 15 рджрд┐рди рдХреЗ рдЕрдВрджрд░ рдПрдпрд░ рд╕реНрдЯреНрд░рд╛рдЗрдХ рдХреА рдЧрдИред

рд▓реЗрдХрд┐рди рдпреЗ рдХрд╛рдВрдЧреНрд░реЗрд╕ рд╡рд╛рд▓реЗ рдЗрд╕ рдмрд╛рдд рдХрд╛ рднреА рдкреНрд░рдорд╛рдг рдорд╛рдВрдЧрдиреЗ рд▓рдЧреЗред

рдпреЗ рдРрд╕реЗ рд▓реЛрдЧ рд╣реИрдВ, рдЬреЛ рдореЛрджреА рдЬреА рдХрд╛ рд╡рд┐рд░реЛрдз рдХрд░рддреЗ-рдХрд░рддреЗ рднрд╛рд░рдд рдХрд╛ рд╡рд┐рд░реЛрдз рдХрд░рдиреЗ рд▓рдЧреЗ рд╣реИрдВред

- рд╢реНрд░реА @JPNadda",auto,neutral,99.0,31.0
"рдореЗрд░реЗ рд▓рд┐рдП рдЕрд╕рдо рд╕рд╣рд┐рдд рдкреВрд░рд╛ Northeast рднрд╛рд░рдд рдХреА рдЕрд╖реНрдЯрд▓рдХреНрд╖реНрдореА рд╣реИред

рдЕрдм рд╡рд┐рдХрд╛рд╕ рдХрд╛ рд╕реВрд░рдЬ рдкреВрд░реНрд╡реА рднрд╛рд░рдд рд╕реЗ рдЙрдЧреЗрдЧрд╛, рдЬреЛ рд╡рд┐рдХрд╕рд┐рдд рднрд╛рд░рдд рдХреЗ рд╕рдВрдХрд▓реНрдк рдХреЛ рдирдИ рдКрд░реНрдЬрд╛ рджреЗрдЧрд╛ред

рдЗрд╕рд▓рд┐рдП рд╣рдо рдкреВрд░реНрд╡реЛрддреНрддрд░ рдореЗрдВ рд╕реНрдерд╛рдпреА рд╢рд╛рдВрддрд┐ рдХреЗ рд▓рд┐рдП рдирд┐рд░рдВрддрд░ рдкреНрд░рдпрд╛рд╕ рдХрд░ рд░рд╣реЗ рд╣реИрдВред

рд╣рдо рдкреВрд░реНрд╡реЛрддреНрддрд░ рдХреЗ рд░рд╛рдЬреНрдпреЛрдВ рдХреЗ рд╕реАрдорд╛ рд╡рд┐рд╡рд╛рджреЛрдВ рдХрд╛ рд╕реМрд╣рд╛рд░реНрдж рдХреЗ рд╕рд╛рде рд╕рдорд╛рдзрд╛рди рдЦреЛрдЬ рд░рд╣реЗ рд╣реИрдВред

- рдкреАрдПрдо рд╢реНрд░реА @narendramodi  

рдкреВрд░рд╛ рд╡реАрдбрд┐рдпреЛ рджреЗрдЦреЗрдВ : https://t.co/WPrtXWbhDR",auto,positive,53.0,16.0
"рдпреЗ рд╕рддреНрддрд╛ рдХреЗ рд▓рд┐рдП рдХреБрдЫ рднреА рдХрд░ рд╕рдХрддреЗ рд╣реИрдВ, рдЗрдирдХреЛ рдЖрд░рд╛рдо рджреЗрдирд╛ рдмрд╣реБрдд рдЬрд░реВрд░реА рд╣реИред

рдЗрд╕рд▓рд┐рдП рдЖрдЬ рднрд╛рдЬрдкрд╛ рдФрд░ рдорд╣рд╛рдпреБрддреА рдХреЛ рдЖрдЧреЗ рдмрдврд╛рдиреЗ рдХреА рдЬрд░реВрд░рдд рд╣реИред

- рд╢реНрд░реА @JPNadda",auto,positive,64.0,15.0
"рдмрд╛рд▓рд╛ рд╕рд╛рд╣рдм рдард╛рдХрд░реЗ рдХрд╣рддреЗ рдереЗ рдХрд┐ рдореИрдВ рдЕрдкрдиреА рдкрд╛рд░реНрдЯреА рдЦрддреНрдо рдХрд░ рджреВрдВрдЧрд╛, рд▓реЗрдХрд┐рди рдХрд╛рдВрдЧреНрд░реЗрд╕ рд╕реЗ рд╕рдордЭреМрддрд╛ рдирд╣реАрдВ рдХрд░реВрдВрдЧрд╛ред

рд▓реЗрдХрд┐рди рдЙрджреНрдзрд╡ рдард╛рдХрд░реЗ рдЖрдЬ рдЙрдиреНрд╣реАрдВ (рдХрд╛рдВрдЧреНрд░реЗрд╕) рдХреА рдЧреЛрдж рдореЗрдВ рдЬрд╛рдХрд░ рдмреИрда рдЧрдП рд╣реИрдВред

- рд╢реНрд░реА @JPNadda",auto,neutral,73.0,20.0
"рдкреАрдПрдо рдХрд┐рд╕рд╛рди рд╕рдореНрдорд╛рди рдирд┐рдзрд┐ рдХреЗ рдЕрдВрддрд░реНрдЧрдд 11.78 рдХрд░реЛрдбрд╝ рдХрд┐рд╕рд╛рдиреЛрдВ рдХреЛ рд╣рд░ рд╕рд╛рд▓ 6 рд╣рдЬрд╛рд░ рд░реБрдкрдпреЗ рд╕реАрдзреЗ рдмреИрдВрдХ рдЦрд╛рддреЛрдВ рдореЗрдВ рднреЗрдЬреЗ рдЬрд╛ рд░рд╣реЗ рд╣реИрдВред

рдпрд╣рд╛рдВ рдорд╣рд╛рд░рд╛рд╖реНрдЯреНрд░ рдореЗрдВ рдорд╣рд╛рдпреБрддрд┐ рд╕рд░рдХрд╛рд░ рджреНрд╡рд╛рд░рд╛ 6 рд╣рдЬрд╛рд░ рд░реБрдкрдпреЗ рдЕрддрд┐рд░рд┐рдХреНрдд рджрд┐рдП рдЬрд╛ рд░рд╣реЗ рд╣реИрдВред

рдФрд░ рдЕрдм рд╣рдордиреЗ рддрдп рдХрд┐рдпрд╛ рд╣реИ рдХрд┐ рдлрд┐рд░ рд╕реЗ рдорд╣рд╛рдпреБрддрд┐ рдХреА рд╕рд░рдХрд╛рд░ рдмрдирдиреЗ рдкрд░ рдЗрд╕ 12 рд╣рдЬрд╛рд░ рдХреА рд░рд╛рд╢рд┐ рдХреЛ рдмрдврд╝рд╛рдХрд░ 15 рд╣рдЬрд╛рд░ рд░реБрдкрдпреЗ рдХрд░ рджрд┐рдпрд╛ рдЬрд╛рдПрдЧрд╛ред

- рд╢реНрд░реА @JPNadda",auto,positive,68.0,13.0
"рдЖрдпреБрд╖реНрдорд╛рди рднрд╛рд░рдд рдпреЛрдЬрдирд╛ рдХреЗ рдЕрдВрддрд░реНрдЧрдд 12.56 рдХрд░реЛрдбрд╝ рдкрд░рд┐рд╡рд╛рд░реЛрдВ (55 рдХрд░реЛрдбрд╝ рд▓реЛрдЧ) рдХреЛ рдЧрдВрднреАрд░ рдмреАрдорд╛рд░реА рд╕реЗ рд▓рдбрд╝рдиреЗ рдХреЗ рд▓рд┐рдП 5 рд▓рд╛рдЦ рд░реБрдкрдпреЗ рд╕рд╛рд▓рд╛рдирд╛ рдореБрдлреНрдд рдЗрд▓рд╛рдЬ рдХреА рд╕реБрд╡рд┐рдзрд╛ рдореЛрджреА рдЬреА рджреНрд╡рд╛рд░рд╛ рджреА рдЧрдИ рд╣реИред

рдЕрдм 70 рд╕рд╛рд▓ рдХреА рдЖрдпреБ рд╕реЗ рдКрдкрд░ рдХреЗ рд╣рд░ рд╡реНрдпрдХреНрддрд┐ рдХреЛ рдкреВрд░реА рдЬрд┐рдВрджрдЧреА рдЗрд╕ рдпреЛрдЬрдирд╛ рдХрд╛ рд▓рд╛рдн рдорд┐рд▓реЗрдЧрд╛ред

- рд╢реНрд░реА @JPNadda",auto,positive,58.0,15.0
"Under Vaccine Maitri, around 100 countries were provided 30 crore vaccines. We provided free vaccines to 48 countries. 

Today, under the leadership, Bharat is no more a 'taker', it has become a 'giver'.

- Shri @JPNadda",en,positive,82.0,14.0
"рдЗрдВрдлреНрд░рд╛рд╕реНрдЯреНрд░рдХреНрдЪрд░ рдХреЗ рдХреНрд╖реЗрддреНрд░ рдореЗрдВ рднрд╛рд░рдд рдореЗрдВ HIRA (Highways, Internet, Railways & Airways) рдкрд░ рдкрд┐рдЫрд▓реЗ 10 рд╕рд╛рд▓реЛрдВ рдореЗрдВ 12 рд▓рд╛рдЦ рдХрд░реЛрдбрд╝ рд░реБрдкрдпреЗ рдЦрд░реНрдЪ рд╣реБрдП рд╣реИрдВ рдФрд░ рдЖрдЧреЗ 10 рд▓рд╛рдЦ рдХрд░реЛрдбрд╝ рд░реБрдкрдпреЗ рдЦрд░реНрдЪ рдХрд┐рдП рдЬрд╛рдПрдВрдЧреЗред

рджреЗрд╢ рдореЗрдВ 1.46 рд▓рд╛рдЦ рдХрд┐рдореА рд▓рдВрдмреЗ рдиреЗрд╢рдирд▓ рд╣рд╛рдЗрд╡реЗ рдмрдиреЗ рд╣реИрдВ, рдЬрд┐рдирдореЗрдВ рд╕реЗ рдорд╣рд╛рд░рд╛рд╖реНрдЯреНрд░ рдореЗрдВ 13 рд╣рдЬрд╛рд░ рдХрд┐рдореА рд▓рдВрдмреЗ рд╣рд╛рдЗрд╡реЗ рдмрдиреЗ рд╣реИрдВред

- рд╢реНрд░реА @JPNadda",auto,negative,81.0,16.0
"Fundamental changes have been made in the National Education Policy and Health Policy. Today, education is being imparted in regional languages. Today, the NEET exam can be taken in 13 languages. Children from villages now have the opportunity to become doctors.

- Shri @JPNadda https://t.co/BlpIkblu2r",en,neutral,66.0,15.0
"India is today the 5th largest economy, surpassing Britain which ruled over us for over two centuries. 

In the third term of Modi ji, we will become the third-largest economy in the world. 

The Economist states that reformed the banking sector and stabilized it.

- Shri @JPNadda",en,neutral,85.0,21.0
"рдЬрдм 26/11 рдХреА рдШрдЯрдирд╛ рд╣реБрдИ, рддреЛ рдЙрд╕ рд╕рдордп рдХреА рд╕рд░рдХрд╛рд░ рдиреЗ рдкрд╛рдХрд┐рд╕реНрддрд╛рди рдХреЛ рдбреЛрдЬрд┐рдпрд░ рднреЗрдЬрд╛ рдерд╛ред

рд▓реЗрдХрд┐рди рдореЛрджреА рдЬреА рдХреЗ рдиреЗрддреГрддреНрд╡ рдореЗрдВ рдЬрдм рд╕рд░рдХрд╛рд░ рдмрдиреА рдФрд░ рдЙрд░реА рдХреА рдШрдЯрдирд╛ рдШрдЯреА, рддреЛ рд╕рд░реНрдЬрд┐рдХрд▓ рд╕реНрдЯреНрд░рд╛рдЗрдХ рд╣реБрдЖ рдФрд░ рдкрд╛рдХрд┐рд╕реНрддрд╛рди рдХреБрдЫ рдирд╣реАрдВ рдХрд░ рд╕рдХрд╛ред

рдЗрд╕реА рддрд░рд╣ рдкреБрд▓рд╡рд╛рдорд╛ рдХреА рдШрдЯрдирд╛ рдХреЗ рдмрд╛рдж 15 рджрд┐рди рдХреЗ рдЕрдВрджрд░ рдПрдпрд░ рд╕реНрдЯреНрд░рд╛рдЗрдХ рдХреА рдЧрдИред

рд▓реЗрдХрд┐рди рдпреЗ рдХрд╛рдВрдЧреНрд░реЗрд╕ рд╡рд╛рд▓реЗ рдЗрд╕ рдмрд╛рдд рдХрд╛ рднреА рдкреНрд░рдорд╛рдг рдорд╛рдВрдЧрдиреЗ рд▓рдЧреЗред

рдпреЗ рдРрд╕реЗ рд▓реЛрдЧ рд╣реИрдВ, рдЬреЛ рдореЛрджреА рдЬреА рдХрд╛ рд╡рд┐рд░реЛрдз рдХрд░рддреЗ-рдХрд░рддреЗ рднрд╛рд░рдд рдХрд╛ рд╡рд┐рд░реЛрдз рдХрд░рдиреЗ рд▓рдЧреЗ рд╣реИрдВред

- рд╢реНрд░реА @JPNadda",auto,neutral,99.0,31.0
"рдХрд╛рд╣реА рдиреЗрддреНрдпрд╛рдВрдЪреЗ рдореНрд╣рдгрдгреЗ рдЖрд╣реЗ рдХреА, рдкрд╛рд╡рд╕рд╛рдд рд╕рднрд╛ рдШреЗрддрд▓реА рдХреА рд╕реАрдЯ рдирд┐рд╡рдбреВрди рдпреЗрддреЗрдЪ..!

#Maharashtra #MaharashtraElections2024 #MahaYuti #DevendraFadnavis https://t.co/oketwoIKcv",auto,neutral,0.0,0.0
"#MaharashtraElections
#MaharashtraElections2024
For
Harmony &amp; Peace
Equality &amp; Unity
Security &amp; Justice
Development &amp; Economy
Businesses &amp; Jobs
#WalkTheTalk
Use your #SuperPower
Vote on November 20
Vote for #Maharashtra
Vote for #MahaVikasAghadi
#VoteForMVA
#VoteforINDIAalliance",en,neutral,0.0,0.0
"#MaharashtraElections
#MaharashtraElections2024
For
Harmony &amp; Peace
Equality &amp; Unity
Security &amp; Justice
Development &amp; Economy
Businesses &amp; Jobs
#WalkTheTalk
Use your #SuperPower
Vote on November 20
Vote for #Maharashtra
Vote for #MahaVikasAghadi
#VoteForMVA
#VoteforINDIAalliance",en,neutral,0.0,0.0
"р░Ър░Вр░жр▒Нр░░р░мр░╛р░мр▒Б, р░кр░╡р░ир▒Н р░кр▒Нр░░р░Ър░╛р░░р░В р░мр▒Ар░Ьр▒Зр░кр▒Ар░Хр░┐ р░нр░╛р░░р▒А р░кр▒Нр░▓р░╕р▒Н р░Хр░╛р░мр▒Лр░др▒Бр░Вр░жр░╛?
#MaharashtraElections2024 #ApCmChandrababuNaidu #DeputyCmPawanKalyan #MaharashtraElectionCampaign #TeluguVoters #BJP #10tvtelugunews

https://t.co/yO7JwNBU0S",auto,positive,0.0,0.0
"AKBARUDDIN OWAISI JITENDRA AWHAD рдХреЛ рдореИрдВ рд╕рд┐рдЦрд╛ рджреЗрддрд╛ рдерд╛ рдмрддрд╛ рджреЗрддрд╛ рдерд╛, рдХреА MINORITY рдХреЗ рд╕рд╛рде рдХреИрд╕рд╛ рд░рд╣реЗ#shorts

#shorts #akbrauddinowaisi #mumbramim #kalwamumbramimnews #Newsfk #politics #maharashtraassemblyelection2024 #maharashtrapolitics #maharashtraelections2024 #News https://t.co/crcwA3Snhs",auto,neutral,0.0,0.0
"PAN India Hero тЭМ 
PAN India Politician тЬЕ

JanaSenani @PawanKalyan will Campaign for NDA at Maharashtra ЁЯФеЁЯФе

#NDAForMaharashtra 
#MaharashtraElections2024 https://t.co/HzEnFEHsUu",auto,neutral,1.0,0.0
"VIDEO | Maharashtra Elections 2024: Shiv Sena (UBT) leader Aaditya Thackeray (@AUThackeray) addresses a public gathering in Mahim Assembly constituency. 

#MaharashtraElections2024 #MaharashtraAssemblyElections2024

(Full video available on PTI Videos - https://t.co/n147TvrpG7) https://t.co/Gzhs9WO832",en,positive,10.0,1.0
"ЁЯУНCongress supporters always say that BJP is not the natural party of Maharashtra. Their confidence increased after 2024 Lok Sabha elections.

However they forgot that BJP was not the natural party in Haryana too. Before 2014 it was number 3 party and even its supporters at that time did not believe that BJP will rule Haryana for 3 consecutive times in future.

тЪбя╕ПSo what matters is the arithmetic which is in favor of Mahayuti at this time in Maharashtra.

#MaharashtraElection2024",en,positive,25.0,6.0
"VIDEO | Maharashtra Elections 2024: MNS chief Raj Thackeray (@RajThackeray) addresses a public gathering in Thane Assembly constituency. 

#MaharashtraElections2024 #MaharashtraAssemblyElections2024

(Full video available on PTI Videos - https://t.co/n147TvrpG7) https://t.co/DEzKNIHffg",en,positive,7.0,0.0
"рдорд╣рд╛рд░рд╛рд╖реНрдЯреНрд░ рд╕реБрдзрд╛рд░рддреЛрдп рдХреЛрдг ?
рд╣реНрдпрд╛ рдкреНрд░рд╢реНрдирд╛рдЪрдВ рдПрдХрдореЗрд╡ рдЙрддреНрддрд░ рдЖрд╣реЗ .
рдЖрдкрд▓реЗ рд▓рд╛рдбрдХреЗ рджреЗрд╡рд╛ рднрд╛рдК !

рд╣реЗ рдЧрд╛рдгрдВ рдРрдХрд▓реНрдпрд╛рд╡рд░, рдЦреЛрдЯреА рдмрд┐рдШрд╛рдбреА 
рдирдХреНрдХреАрдЪ рддреЛрдВрдбрд╛рд╡рд░ рдмреЛрдЯ рдареЗрд╡реВрди рд╢рд╛рдВрдд рдмрд╕реЗрд▓.

#Maha_BJP #MaharashtraElections2024 https://t.co/k5ubMoqLbn",auto,positive,4.0,0.0
"Maharashtra Assembly Elections 2024: Raj Thackeray Promises 'Glorious' State if MNS Comes to Power

https://t.co/yivR44IfCS

#Maharashtra #MaharashtraAssembly #MaharashtraElection2024 #MNS #RajThackeray",en,neutral,0.0,0.0
"рд╕реНрд╡рдзрд░реНрдорд╛рд╡рд┐рд╖рдпреА рдЖрдгрд┐ рд╕реНрд╡рдЬрд╛рддреАрд╡рд┐рд╖рдпреА, рд╡рдпрд╛рдЪреНрдпрд╛ рдЕрд╡рдШреНрдпрд╛ рдкрдВрдЪрд╡реАрд╕рд╛рд╡реНрдпрд╛ рд╡рд░реНрд╖реА, 

рдЖрджрд┐рд╡рд╛рд╕реА рд╕рдорд╛рдЬрд╛рдд рд╕реНрд╡рд╛рднрд┐рдорд╛рди рдЬрд╛рдЧреГрдд рдХрд░рдгрд╛рд▒реНрдпрд╛ рд╣реНрдпрд╛ рдорд╣рд╛рди рдиреЗрддреНрдпрд╛рд╕ рдХреЛрдЯреА рдХреЛрдЯреА рдкреНрд░рдгрд╛рдо !

#Adivasi #BirasaMunda #Maha_BJP #MaharashtraElections2024

@BJP4Maharashtra @BJP4Mumbai @BJPMahilaMorcha https://t.co/6X7QAWhKTK",auto,positive,0.0,0.0
"рд╕реЛрдпрд╛рдмреАрдирд▓рд╛ рдХрдореАрдд рдХрдореА рднрд╛рд╡ рдорд┐рд│рд╛рд▓рд╛ рдкрд╛рд╣рд┐рдЬреЗ: рд░рд╛рд╣реБрд▓ рдЧрд╛рдВрдзреА

рд╢реЗрддрдХрд▒реНрдпрд╛рдВрдиреЛ рдХрд╛рдБрдЧреНрд░реЗрд╕рдЪреА рдЪрд╛рд▓ рдУрд│рдЦрд╛ рдХрд╛рдВрджреНрдпрд╛рдмрджреНрджрд▓ рдпрд╛рдВрдиреА рдЕрд╕рдЪ рдХреЗрд▓рдВ рдЖрдзреА рднрд╛рд╡ рдХрдореА рдЖрд╣реЗ рдореНрд╣рдгрд╛рдпрдЪреЗ рдЖрддрд╛ рднрд╛рд╡ рд╡рд╛рдврд▓реЗ рддрд░ рдирд┐рд╖реЗрдз рдХрд░рдд рдЖрд╣реЗрдд.

#Maha_BJP #MaharashtraElections2024 https://t.co/PfUzTSzADz",auto,neutral,0.0,0.0
"рд╕рдкрд╛ рдкреНрд░рджреЗрд╢ рдЕрдзреНрдпрдХреНрд╖ рдорд╛ рд╢реНрд░реА рдЕрдмреВ рдЖрд╕рд┐рдо рдЖрдЬрд╝рдореА рдЬреА рдХрд╛ 171 - рдорд╛рдирдЦреБрд░реНрдж рд╢рд┐рд╡рд╛рдЬреА рдирдЧрд░ рдореЗрдВ рджрд┐рдирд╛рдВрдХ 16 рдирд╡рдВрдмрд░, 2024 рдХрд╛ рдХрд╛рд░реНрдпрдХреНрд░рдоред

#SamajwadiParty #AbuAsimAzmi #HamaraGovandi #MankhurdShivajiNagar #MaharashtraElections2024 https://t.co/u1haq4yqgY",auto,neutral,2.0,1.0
"South ka chatrapati maha raj тЭдя╕ПтАНЁЯФетЪб 
JanaSenani @PawanKalyan will Campaign for NDA at Maharashtra ЁЯФе

#NDAForMaharashtra 
#MaharashtraElections2024 https://t.co/7hXkWs1yrr",auto,neutral,12.0,4.0
"ЁЯУН рднрдВрдбрд╛рд░рд╛, рдорд╣рд╛рд░рд╛рд╖реНрдЯреНрд░

#poojathawkar #bhandara_pawani #Vidhansabha2024 #bhandarapawaniVidhansabha #nanapatole #congress #poojathawkarforbhandarapawani #maharashtra #maharashtraelections2024 #mahilacongress https://t.co/332PUk9skL",auto,neutral,1.0,0.0
Paidal Daura in Dhule constituency rallying support for AIMIM Dhule Candidate Janab Farooq Shah Sahab #maharashtraelections2024 #elections2024 #MIM @asadowaisi @imtiaz_jaleel https://t.co/vGcJPhMAru,auto,neutral,0.0,0.0
"#MaharashtraElections2024 campaign at Bandra West Mumbai
@BJPMM4Telangana
@BJPMahilaMorcha https://t.co/A1XfYEo0jZ",en,neutral,0.0,0.0
"#BREAKING | рд╕реАрдПрдо рд╢рд┐рдВрджреЗ рдХрд╛ рд╕рд▓рдорд╛рди рдЦрд╛рди рд╡рд╛рд▓рд╛ рдЕрдВрджрд╛рдЬ !

@journosnehlata | https://t.co/smwhXUROiK 

#CMEknathShinde #SalmanKhan #Maharashtra #MaharashtraElections2024 https://t.co/UQwPQZLQaO",auto,neutral,35.0,20.0
"рдХрд╛рд╣реА рдиреЗрддреНрдпрд╛рдВрдЪреЗ рдореНрд╣рдгрдгреЗ рдЖрд╣реЗ рдХреА, рдкрд╛рд╡рд╕рд╛рдд рд╕рднрд╛ рдШреЗрддрд▓реА рдХреА рд╕реАрдЯ рдирд┐рд╡рдбреВрди рдпреЗрддреЗрдЪ..!

#Maharashtra #MaharashtraElections2024 #MahaYuti #DevendraFadnavis https://t.co/oketwoIKcv",auto,neutral,0.0,0.0
"рд╕реНрд╡рддрдГ рдкрдВрддрдкреНрд░рдзрд╛рди рд╕рд╛рдВрдЧрдгрд╛рд░, рд╡рд┐рдЬрдпрд╛рдЪрд╛ рдХрд╛рдирдордВрддреНрд░!

рддреБрдордЪреЗ рд╡рд┐рдЪрд╛рд░ рдереЗрдЯ рдорд╛рдВрдбрд╛рдпрд▓рд╛,
рдЖрд╡рд░реНрдЬреВрди рдЙрдкрд╕реНрдерд┐рдд рд░рд╣рд╛.

#Maha_BJP #MaharashtraElections2024

@BJP4Maharashtra @BJP4Mumbai @BJPMahilaMorcha https://t.co/608Zgntrpb",auto,positive,0.0,0.0
"#MaharashtraElections
#MaharashtraElections2024
For
Harmony &amp; Peace
Equality &amp; Unity
Security &amp; Justice
Development &amp; Economy
Businesses &amp; Jobs
#WalkTheTalk
Use your #SuperPower
Vote on November 20
Vote for #Maharashtra
Vote for #MahaVikasAghadi
#VoteForMVA
#VoteforINDIAalliance",en,neutral,0.0,0.0
"Well done @AUThackeray ЁЯТпЁЯСПЁЯП╗ We can count on you ЁЯФетЭдя╕П 

Your work in BMC Mumbai Public Schools showed some honest political will. 

Please don't shy away from taking inspiration or other help from AAP Delhi and Punjab Govts ЁЯЩМЁЯП╗ #MissionSwaraj #MaharashtraElections2024",en,negative,0.0,0.0
"@AUThackeray Well done @AUThackeray ЁЯТпЁЯСПЁЯП╗ We can count on you ЁЯФетЭдя╕П 

Your work in BMC Mumbai Public Schools showed some honest political will. 

Please don't shy away from taking inspiration or other help from AAP Delhi and Punjab Govts ЁЯЩМЁЯП╗ #MissionSwaraj #MaharashtraElections2024",en,negative,0.0,0.0
"Maharashtra Assembly Elections 2024: Raj Thackeray Promises 'Glorious' State if MNS Comes to Power

https://t.co/yivR44IfCS

#Maharashtra #MaharashtraAssembly #MaharashtraElection2024 #MNS #RajThackeray",en,neutral,0.0,0.0
"рд╕реНрд╡рдзрд░реНрдорд╛рд╡рд┐рд╖рдпреА рдЖрдгрд┐ рд╕реНрд╡рдЬрд╛рддреАрд╡рд┐рд╖рдпреА, рд╡рдпрд╛рдЪреНрдпрд╛ рдЕрд╡рдШреНрдпрд╛ рдкрдВрдЪрд╡реАрд╕рд╛рд╡реНрдпрд╛ рд╡рд░реНрд╖реА, 

рдЖрджрд┐рд╡рд╛рд╕реА рд╕рдорд╛рдЬрд╛рдд рд╕реНрд╡рд╛рднрд┐рдорд╛рди рдЬрд╛рдЧреГрдд рдХрд░рдгрд╛рд▒реНрдпрд╛ рд╣реНрдпрд╛ рдорд╣рд╛рди рдиреЗрддреНрдпрд╛рд╕ рдХреЛрдЯреА рдХреЛрдЯреА рдкреНрд░рдгрд╛рдо !

#Adivasi #BirasaMunda #Maha_BJP #MaharashtraElections2024

@BJP4Maharashtra @BJP4Mumbai @BJPMahilaMorcha https://t.co/6X7QAWhKTK",auto,positive,0.0,0.0
"рд╕реЛрдпрд╛рдмреАрдирд▓рд╛ рдХрдореАрдд рдХрдореА рднрд╛рд╡ рдорд┐рд│рд╛рд▓рд╛ рдкрд╛рд╣рд┐рдЬреЗ: рд░рд╛рд╣реБрд▓ рдЧрд╛рдВрдзреА

рд╢реЗрддрдХрд▒реНрдпрд╛рдВрдиреЛ рдХрд╛рдБрдЧреНрд░реЗрд╕рдЪреА рдЪрд╛рд▓ рдУрд│рдЦрд╛ рдХрд╛рдВрджреНрдпрд╛рдмрджреНрджрд▓ рдпрд╛рдВрдиреА рдЕрд╕рдЪ рдХреЗрд▓рдВ рдЖрдзреА рднрд╛рд╡ рдХрдореА рдЖрд╣реЗ рдореНрд╣рдгрд╛рдпрдЪреЗ рдЖрддрд╛ рднрд╛рд╡ рд╡рд╛рдврд▓реЗ рддрд░ рдирд┐рд╖реЗрдз рдХрд░рдд рдЖрд╣реЗрдд.

#Maha_BJP #MaharashtraElections2024 https://t.co/PfUzTSzADz",auto,neutral,0.0,0.0
"рд╕рдкрд╛ рдкреНрд░рджреЗрд╢ рдЕрдзреНрдпрдХреНрд╖ рдорд╛ рд╢реНрд░реА рдЕрдмреВ рдЖрд╕рд┐рдо рдЖрдЬрд╝рдореА рдЬреА рдХрд╛ 171 - рдорд╛рдирдЦреБрд░реНрдж рд╢рд┐рд╡рд╛рдЬреА рдирдЧрд░ рдореЗрдВ рджрд┐рдирд╛рдВрдХ 16 рдирд╡рдВрдмрд░, 2024 рдХрд╛ рдХрд╛рд░реНрдпрдХреНрд░рдоред

#SamajwadiParty #AbuAsimAzmi #HamaraGovandi #MankhurdShivajiNagar #MaharashtraElections2024 https://t.co/u1haq4yqgY",auto,neutral,3.0,1.0
"South ka chatrapati maha raj тЭдя╕ПтАНЁЯФетЪб 
JanaSenani @PawanKalyan will Campaign for NDA at Maharashtra ЁЯФе

#NDAForMaharashtra 
#MaharashtraElections2024 https://t.co/7hXkWs1yrr",auto,neutral,20.0,7.0
"ЁЯУН рднрдВрдбрд╛рд░рд╛, рдорд╣рд╛рд░рд╛рд╖реНрдЯреНрд░

#poojathawkar #bhandara_pawani #Vidhansabha2024 #bhandarapawaniVidhansabha #nanapatole #congress #poojathawkarforbhandarapawani #maharashtra #maharashtraelections2024 #mahilacongress https://t.co/332PUk9skL",auto,neutral,1.0,0.0
"BJP National President Shri @JPNadda addressed an Intellectual Meeting in Nashik, Maharashtra. https://t.co/A9Osrx5eTn",en,positive,152.0,27.0
"рдЖрдЬ рднрд╛рдЬрдкрд╛ рдФрд░ NDA рдХрд╛ рдХрд▓реНрдЪрд░ рд░рд┐рдкреЛрд░реНрдЯ рдХрд╛рд░реНрдб рдХреА рд░рд╛рдЬрдиреАрддрд┐ рдХрд╛ рд╣реИред

рд╣рдо рдЧрд╛рдВрд╡, рдЧрд░реАрдм, рд╡рдВрдЪрд┐рдд, рд╢реЛрд╖рд┐рдд, рдкреАрдбрд╝рд┐рдд, рджрд▓рд┐рдд рдХреА рд╕рд░рдХрд╛рд░ рдмрдиреЗ рд╣реИрдВред

- рд╢реНрд░реА @JPNadda 

рдкреВрд░рд╛ рд╡реАрдбрд┐рдпреЛ рджреЗрдЦреЗрдВ : https://t.co/2PI77E2MH8 https://t.co/afdWwpsX3k",auto,negative,96.0,31.0
PM Shri @narendramodi paid homage to inspirational social activist Bodofa Upendranath Brahma during the Bodoland Festival held in New Delhi. https://t.co/eMoILG7mYL,en,positive,187.0,40.0
"рдмрд╛рд▓рд╛ рд╕рд╛рд╣рдм рдард╛рдХрд░реЗ рдХрд╣рддреЗ рдереЗ рдХрд┐ рдореИрдВ рдЕрдкрдиреА рдкрд╛рд░реНрдЯреА рдЦрддреНрдо рдХрд░ рджреВрдВрдЧрд╛, рд▓реЗрдХрд┐рди рдХрд╛рдВрдЧреНрд░реЗрд╕ рд╕реЗ рд╕рдордЭреМрддрд╛ рдирд╣реАрдВ рдХрд░реВрдВрдЧрд╛ред

рд▓реЗрдХрд┐рди рдЙрджреНрдзрд╡ рдард╛рдХрд░реЗ рдЖрдЬ рдЙрдиреНрд╣реАрдВ (рдХрд╛рдВрдЧреНрд░реЗрд╕) рдХреА рдЧреЛрдж рдореЗрдВ рдЬрд╛рдХрд░ рдмреИрда рдЧрдП рд╣реИрдВред

рдпреЗ рд╕рддреНрддрд╛ рдХреЗ рд▓рд┐рдП рдХреБрдЫ рднреА рдХрд░ рд╕рдХрддреЗ рд╣реИрдВ, рдЗрдирдХреЛ рдЖрд░рд╛рдо рджреЗрдирд╛ рдмрд╣реБрдд рдЬрд░реВрд░реА рд╣реИред

- рд╢реНрд░реА @JPNadda 

рдкреВрд░рд╛ рд╡реАрдбрд┐рдпреЛ рджреЗрдЦреЗрдВ : https://t.co/YA436jcTam",auto,positive,154.0,50.0
"рднрд╡реНрдп, рджрд┐рд╡реНрдп, рдЕрджреНрднреБрдд рдХрд╛рд╢реА!

рджреЗрд╡ рджреАрдкрд╛рд╡рд▓реА рдХреЗ рд╢реБрдн рдЕрд╡рд╕рд░ рдкрд░ рдЬрдЧрдордЧрд╛ рдЙрдареА рдмрд╛рдмрд╛ рд╡рд┐рд╢реНрд╡рдирд╛рде рдХреА рдирдЧрд░реАред",auto,positive,343.0,85.0
рдкреНрд░рдзрд╛рдирдордВрддреНрд░реА рд╢реНрд░реА @narendramodi рдиреЗ рдЖрдЬ рднрдЧрд╡рд╛рди рдмрд┐рд░рд╕рд╛ рдореБрдВрдбрд╛ рдХреА 150рд╡реАрдВ рдЬрдпрдВрддреА рдХреЗ рдЕрд╡рд╕рд░ рдкрд░ рдмрд┐рд╣рд╛рд░ рдХреЗ рдЬрдореБрдИ рдореЗрдВ рдЖрдпреЛрдЬрд┐рдд рдЬрдирдЬрд╛рддреАрдп рдЧреМрд░рд╡ рджрд┐рд╡рд╕ рд╕рдорд╛рд░реЛрд╣ рдореЗрдВ рднрд╛рдЧ рд▓рд┐рдпрд╛ред https://t.co/jchaJEagKT,auto,neutral,321.0,99.0
"рдЖрдиреЗ рд╡рд╛рд▓рд╛ рдЪреБрдирд╛рд╡ рдпреЗ рддрдп рдХрд░рдиреЗ рд╡рд╛рд▓рд╛ рд╣реИ рдХрд┐ рдорд╣рд╛рд░рд╛рд╖реНрдЯреНрд░ рдЫрддреНрд░рдкрддрд┐ рд╢рд┐рд╡рд╛рдЬреА рдорд╣рд╛рд░рд╛рдЬ рдФрд░ рд╡реАрд░ рд╕рд╛рд╡рд░рдХрд░ рдХреЗ рд░рд╛рд╕реНрддреЗ рдкрд░ рдЪрд▓реЗрдЧрд╛ рдпрд╛ рдФрд░рдВрдЧрдЬреЗрдм рдХреЗ рд░рд╛рд╕реНрддреЗ рдкрд░ рдЪрд▓реЗрдЧрд╛ред

рдХреЗрдВрджреНрд░реАрдп рдЧреГрд╣ рдПрд╡рдВ рд╕рд╣рдХрд╛рд░рд┐рддрд╛ рдордВрддреНрд░реА рд╢реНрд░реА @AmitShah рдиреЗ рдЖрдЬ рдорд╣рд╛рд░рд╛рд╖реНрдЯреНрд░ рдореЗрдВ рд╡рд┐рднрд┐рдиреНрди рдЬрдирд╕рднрд╛рдУрдВ рдХреЛ рд╕рдВрдмреЛрдзрд┐рдд рдХрд┐рдпрд╛ред",auto,neutral,329.0,94.0
"рдкреНрд░рдзрд╛рдирдордВрддреНрд░реА рд╢реНрд░реА @narendramodi рдиреЗ рдЖрдЬ рдЬрдирдЬрд╛рддреАрдп рдЧреМрд░рд╡ рджрд┐рд╡рд╕ рдХреЗ рдЕрд╡рд╕рд░ рдкрд░ рдмрд┐рд╣рд╛рд░ рдХреЗ рдЬрдореБрдИ рдореЗрдВ рд▓рдЧреЗ рд╣рд╛рдЯ рдореЗрдВ рджреЗрд╢ рдХреА рдЬрдирдЬрд╛рддреАрдп рдкрд░рдВрдкрд░рд╛ рдФрд░ рдХрд▓рд╛-рдХреМрд╢рд▓ рдХрд╛ рдЕрд╡рд▓реЛрдХрди рдХрд┐рдпрд╛ред

#JanjatiyaGauravDiwas https://t.co/LGkg85SjvU",auto,positive,407.0,104.0
"рдореЗрд░реЗ рд▓рд┐рдП рдЕрд╕рдо рд╕рд╣рд┐рдд рдкреВрд░рд╛ Northeast рднрд╛рд░рдд рдХреА рдЕрд╖реНрдЯрд▓рдХреНрд╖реНрдореА рд╣реИред

рдЕрдм рд╡рд┐рдХрд╛рд╕ рдХрд╛ рд╕реВрд░рдЬ рдкреВрд░реНрд╡реА рднрд╛рд░рдд рд╕реЗ рдЙрдЧреЗрдЧрд╛, рдЬреЛ рд╡рд┐рдХрд╕рд┐рдд рднрд╛рд░рдд рдХреЗ рд╕рдВрдХрд▓реНрдк рдХреЛ рдирдИ рдКрд░реНрдЬрд╛ рджреЗрдЧрд╛ред

рдЗрд╕рд▓рд┐рдП рд╣рдо рдкреВрд░реНрд╡реЛрддреНрддрд░ рдореЗрдВ рд╕реНрдерд╛рдпреА рд╢рд╛рдВрддрд┐ рдХреЗ рд▓рд┐рдП рдирд┐рд░рдВрддрд░ рдкреНрд░рдпрд╛рд╕ рдХрд░ рд░рд╣реЗ рд╣реИрдВред

рд╣рдо рдкреВрд░реНрд╡реЛрддреНрддрд░ рдХреЗ рд░рд╛рдЬреНрдпреЛрдВ рдХреЗ рд╕реАрдорд╛ рд╡рд┐рд╡рд╛рджреЛрдВ рдХрд╛ рд╕реМрд╣рд╛рд░реНрдж рдХреЗ рд╕рд╛рде рд╕рдорд╛рдзрд╛рди рдЦреЛрдЬ рд░рд╣реЗ рд╣реИрдВред

- рдкреАрдПрдо рд╢реНрд░реА @narendramodi  

рдкреВрд░рд╛ рд╡реАрдбрд┐рдпреЛ рджреЗрдЦреЗрдВ : https://t.co/WPrtXWbhDR",auto,positive,156.0,56.0
"рдпреЗ рд╕рддреНрддрд╛ рдХреЗ рд▓рд┐рдП рдХреБрдЫ рднреА рдХрд░ рд╕рдХрддреЗ рд╣реИрдВ, рдЗрдирдХреЛ рдЖрд░рд╛рдо рджреЗрдирд╛ рдмрд╣реБрдд рдЬрд░реВрд░реА рд╣реИред

рдЗрд╕рд▓рд┐рдП рдЖрдЬ рднрд╛рдЬрдкрд╛ рдФрд░ рдорд╣рд╛рдпреБрддреА рдХреЛ рдЖрдЧреЗ рдмрдврд╛рдиреЗ рдХреА рдЬрд░реВрд░рдд рд╣реИред

- рд╢реНрд░реА @JPNadda",auto,positive,111.0,36.0
"#MaharashtraElections
#MaharashtraElections2024
For
Harmony &amp; Peace
Equality &amp; Unity
Security &amp; Justice
Development &amp; Economy
Businesses &amp; Jobs
#WalkTheTalk
Use your #SuperPower
Vote on November 20
Vote for #Maharashtra
Vote for #MahaVikasAghadi
#VoteForMVA
#VoteforINDIAalliance",en,neutral,0.0,0.0
"рд╣рд░ рд╢рд╛рдЦ рдкреЗ рдЙрд▓реНрд▓реВ рдмреИрдард╛ рд╣реИ,,рдЕрдВрдЬрд╛рдо рдП рдЧреБрд▓рд┐рд╕реНрддрд╛рдВ рдХреНрдпрд╛ рд╣реЛрдЧрд╛ ? #MaharahstraElection2024
#UddhavThackeray #рдорд╣рд╛рд╡рд┐рдХрд╛рд╕рдЖрдШрд╛рдбреА #рдорд╣рд╛рд░рд╛рд╖реНрдЯреНрд░ #MaharastraPolitics  #MahaVikasAghadi #ShivsenaUBT #MaharashtraElections2024 #Maharashtra #Mahayuti https://t.co/Uq4nyj8dyn",auto,neutral,0.0,0.0
"#MaharashtraElections
#MaharashtraElections2024
For
Harmony &amp; Peace
Equality &amp; Unity
Security &amp; Justice
Development &amp; Economy
Businesses &amp; Jobs
#WalkTheTalk
Use your #SuperPower
Vote on November 20
Vote for #Maharashtra
Vote for #MahaVikasAghadi
#VoteForMVA
#VoteforINDIAalliance",en,neutral,0.0,0.0
"рдорд╣рд╛рд░рд╛рд╖реНрдЯреНрд░ рд╕реБрдзрд╛рд░рддреЛрдп рдХреЛрдг ?
рд╣реНрдпрд╛ рдкреНрд░рд╢реНрдирд╛рдЪрдВ рдПрдХрдореЗрд╡ рдЙрддреНрддрд░ рдЖрд╣реЗ .
рдЖрдкрд▓реЗ рд▓рд╛рдбрдХреЗ рджреЗрд╡рд╛ рднрд╛рдК !

рд╣реЗ рдЧрд╛рдгрдВ рдРрдХрд▓реНрдпрд╛рд╡рд░, рдЦреЛрдЯреА рдмрд┐рдШрд╛рдбреА 
рдирдХреНрдХреАрдЪ рддреЛрдВрдбрд╛рд╡рд░ рдмреЛрдЯ рдареЗрд╡реВрди рд╢рд╛рдВрдд рдмрд╕реЗрд▓.

#Maha_BJP #MaharashtraElections2024

@BJP4Maharashtra @BJP4Mumbai @BJPMahilaMorcha https://t.co/dtY3OkckzV",auto,positive,0.0,0.0
"#MaharashtraElections
#MaharashtraElections2024
For
Harmony &amp; Peace
Equality &amp; Unity
Security &amp; Justice
Development &amp; Economy
Businesses &amp; Jobs
#WalkTheTalk
Use your #SuperPower
Vote on November 20
Vote for #Maharashtra
Vote for #MahaVikasAghadi
#VoteForMVA
#VoteforINDIAalliance",en,neutral,0.0,0.0
"@dhruv_rathee @Mystic_Soul25 Well done @AUThackeray ЁЯТпЁЯСПЁЯП╗ We can count on you ЁЯФетЭдя╕П 

Your work in BMC Mumbai Public Schools showed some honest political will. 

Please don't shy away from taking inspiration or other help from AAP Delhi and Punjab Govts ЁЯЩМЁЯП╗ #MissionSwaraj #MaharashtraElections2024",en,negative,0.0,0.0
"рд╕реНрд╡рддрдГ рдкрдВрддрдкреНрд░рдзрд╛рди рд╕рд╛рдВрдЧрдгрд╛рд░, рд╡рд┐рдЬрдпрд╛рдЪрд╛ рдХрд╛рдирдордВрддреНрд░!

рддреБрдордЪреЗ рд╡рд┐рдЪрд╛рд░ рдереЗрдЯ рдорд╛рдВрдбрд╛рдпрд▓рд╛,
рдЖрд╡рд░реНрдЬреВрди рдЙрдкрд╕реНрдерд┐рдд рд░рд╣рд╛.

#Maha_BJP #MaharashtraElections2024

@BJP4Maharashtra @BJP4Mumbai @BJPMahilaMorcha https://t.co/608Zgntrpb",auto,positive,0.0,0.0
"#MaharashtraElections
#MaharashtraElections2024
For
Harmony &amp; Peace
Equality &amp; Unity
Security &amp; Justice
Development &amp; Economy
Businesses &amp; Jobs
#WalkTheTalk
Use your #SuperPower
Vote on November 20
Vote for #Maharashtra
Vote for #MahaVikasAghadi
#VoteForMVA
#VoteforINDIAalliance",en,neutral,0.0,0.0
"Well done @AUThackeray ЁЯТпЁЯСПЁЯП╗ We can count on you ЁЯФетЭдя╕П 

Your work in BMC Mumbai Public Schools showed some honest political will. 

Please don't shy away from taking inspiration or other help from AAP Delhi and Punjab Govts ЁЯЩМЁЯП╗ #MissionSwaraj #MaharashtraElections2024",en,negative,3.0,0.0
"@AUThackeray Well done @AUThackeray ЁЯТпЁЯСПЁЯП╗ We can count on you ЁЯФетЭдя╕П 

Your work in BMC Mumbai Public Schools showed some honest political will. 

Please don't shy away from taking inspiration or other help from AAP Delhi and Punjab Govts ЁЯЩМЁЯП╗ #MissionSwaraj #MaharashtraElections2024",en,negative,0.0,0.0
,auto,neutral,,
"Final Assessment: Maha Vikas Aghadi Predicted to Win Maharashtra Elections 2024

The Maharashtra Elections 2024 are poised to be a closely contested race between two powerful alliances: Maha Vikas Aghadi (MVA) and Maha Yuti (MY). Based on astrological analysis, it is anticipated that Maha Vikas Aghadi will secure 149 seats, while Maha Yuti is expected to garner 139 seats. With 145 seats required to form a government in the 288-seat Maharashtra Legislature, Maha Vikas Aghadi appears to have the edge in this election.",en,positive,214.0,37.0
"VIDEO | Maharashtra Elections 2024: CM Eknath Shinde (@mieknathshinde) addresses an election rally in Mumbai.

#MaharashtraElections2024 #MaharashtraAssemblyElections2024

(Full video available on PTI Videos - https://t.co/n147TvrpG7) https://t.co/tlC8Ohk3kX",en,positive,2.0,2.0
"ЁЯМЯ Maharashtra Assembly Elections 2024: 
Mahayuti vs Maha Vikas Aghadi! ЁЯЧ│я╕П

ЁЯФе Mahayuti Alliance Breakdown:
ЁЯФ╕ BJP dominates with 149 candidates ЁЯТк
ЁЯФ╕ SHS-ES fields 81 candidates ЁЯМ┤
ЁЯФ╕ NCP-AP takes 59 seats ЁЯЪЬ
ЁЯФ╕ Small allies claim 5 seats ЁЯЯа

ЁЯМН Regional Power Distribution:
ЁЯУМ Vidarbha: BJP leads with 47 out of 62 seats ЁЯЯб
ЁЯУМ Western MS: NCP-AP makes a mark with 20 seats ЁЯЪЬ
ЁЯУМ Marathwada: SHS-ES fields 16 candidates ЁЯМ┤
ЁЯУМ Mumbai: Equal fight with BJP, SHS-ES, and allies sharing 36 seats ЁЯМЖ

тЪб Maha Vikas Aghadi (MVA) Alliance:
ЁЯФ╕ INC leads with 101 candidates ЁЯЯж
ЁЯФ╕ SHS-UBT aggressively fields 95 candidates ЁЯМ┤
ЁЯФ╕ NCP-SP in the mix with 86 seats ЁЯЪЬ
ЁЯФ╕ Small allies make a small yet significant contribution with 6 candidates ЁЯдЭ

ЁЯМН MVA's Regional Dynamics:
ЁЯУМ Vidarbha: INC takes a strong position with 40 seats ЁЯЯж
ЁЯУМ Western MS: NCP-SP shines with 31 seats ЁЯЯб
ЁЯУМ Konkan: SHS-UBT dominates with 24 candidates ЁЯМ┤

ЁЯМИ Friendly Contests:
тЬЕ Mahayuti: 8 internal face-offs, including in Morshi, Katol, and Purandar ЁЯФе
тЬЕ MVA: 2 friendly battles in Pandharpur and Nanded North ЁЯдЭ

ЁЯТе With 288 seats up for grabs, it's a high-stakes battle! Who will win the trust of Maharashtra? ЁЯПЖ
ЁЯУг Share your thoughts and predictions below! ЁЯЧия╕П
#MaharashtraPolls2024 #MahayutiVsMVA #Elections @adrspeaks @lokmat",en,positive,23.0,5.0
"рдЪрд▓рд╛ рддрд░ рдЖрдкрдг рд▓реЛрдХрд╢рд╛рд╣реАрдЪрд╛ рдЙрддреНрд╕рд╡ рд╕рд╛рдЬрд░рд╛ рдХрд░реВрдпрд╛.
рд╕рд░реНрд╡рд╛рдВрдиреА рдорд┐рд│реВрди рдорддрджрд╛рдирд╛рдЪрд╛ рд╣рдХреНрдХ рдмрдЬрд╛рд╡реБрдпрд╛.
рджрд┐рдирд╛рдВрдХ реиреж рдиреЛрд╡реНрд╣реЗрдВрдмрд░,реирежреирек рд░реЛрдЬреА рдорд╣рд╛рд░рд╛рд╖реНрдЯреНрд░ рд╡рд┐рдзрд╛рдирд╕рднрд╛ рдирд┐рд╡рдбрдгреВрдХ, реирежреирек рдХрд░реАрддрд╛ рдорддрджрд╛рди рдХрд░рд╛.

Let's all vote together. Vote for 2024 Maharashtra Assembly elections on 20 November 2024.

#maharashtraelection #yourvotematters #MMRDA #DrSanjayMukherjee #democracyInAction #rebootingmumbai #reshapingmmr #MMR #MaharashtraElection2024 #MaharashtraAssembly 

@DrSanMukherjee",auto,positive,7.0,2.0
"BIG BREAKING 

Maharashtra Assembly Polls-2024: MVA's seat-sharing deal sealed:-

INC : 102
SSUBT : 90
NCP-SP : 78
OTH : 18 https://t.co/JLdXHiPDaQ",en,neutral,758.0,76.0
"Sharing some glimpses from the Shining India Survey For Maharashtra Assembly Elections 2024.
#ShiningIndiaSurvey 
#MaharashtraAssemblyElections2024 
#AssemblyElections2024 https://t.co/wR0uBzboMf",en,neutral,17.0,10.0
"#VoteForSadanandBhat 

Let us support the Independent candidate #SADANANDBHAT, from #Bhandup West constituency, Maharashtra for Vidhan Sabha Elections 2024. 

The Election symbol is тАУ Batsman.

He is supporting our demand for men's commission. https://t.co/fYTS4MKKvR",en,positive,98.0,94.0
"рдЪрд╛рдВрджрд┐рд╡рд▓реАрдЪреНрдпрд╛ рд╡рд┐рдХрд╛рд╕рд╛рд╕рд╛рдареА рдХреНрд░рдорд╛рдВрдХ 1 рдЪреЗ рдмрдЯрдг рджрд╛рдмреВрди 'рд╣рд╛рддрд╛рдЪрд╛ рдкрдВрдЬрд╛' рдпрд╛  рдЪрд┐рдиреНрд╣рд╛рд╕рдореЛрд░реАрд▓ рдмрдЯрдг рджрд╛рдмреВрди рдкреНрд░рдЪрдВрдб рдорддрд╛рдВрдиреА рд╡рд┐рдЬрдпреА рдХрд░рд╛. 

#ЁЯЗоЁЯЗ│  #Maharashtra #mumbai #INC #Congress #INCMumbai #incmaharashtra #MVA  #MaharashtraAssemblyElections #Maharashtra_Election_2024 #vidhansabha_elections #MPCC #MVA #MHelection #chandivaliVidhansabha #NaseemKhan #Naseem_Khan #MahavikasAghadi #Maharashtrapolitics #Chandivali #Mahaparivartan  #incchandivali",auto,positive,4.0,1.0
"р░ор░╣р░╛р░░р░╛р░╖р▒Нр░Яр▒Нр░░ р░Ор░ир▒Нр░ир░┐р░Хр░▓ р░кр▒Нр░░р░Ър░╛р░░р░╛р░ир░┐р░Хр░┐  р░кр░╡р░ир▒Н р░Хр░│р▒Нр░пр░╛р░гр▒Н  | Maharashtra Assembly Elections 2024 - TV9

#MaharashtraAssemblyElections2024 #EC #pawankalyan  #politics #election2024 #tv9telugu https://t.co/NDdNQJYTJq",auto,neutral,10.0,2.0
